no,업체ID,업체명,시도,시군구,도로명주소,지번주소,우편번호,위도,경도,좌표_상태,전화번호,전화번호_유형,연락가능,영업상태,인허가일자,보호복_수,수동분무기_수,동력분무기_수,초미립자살포기_수,진공청소기_수,방독면_수,개방자치단체코드,최종수정일시
1,PHMB520135130030042500005,(주)그린이지,경상북도,경산시,경상북도 경산시 삼성현마을2길 2 (여천동),경상북도 경산시 여천동 6-43,38577,35.805894,128.795029,정상,,없음,False,영업중,2013-11-27,5,5,1,1,1,5,5130000,2023-04-18 10:10:42
2,PHMB520215130030042500001,(주)나누리엠에스,경상북도,경산시,"경상북도 경산시 경안로 123, 3층 (삼북동)",경상북도 경산시 삼북동 270-6,38630,35.818593,128.738003,정상,053-741-6839,유선,True,영업중,2021-02-02,5,3,0,1,1,5,5130000,2021-10-21 14:06:30
3,PHMB520135130030042500002,(주)디엔와이,경상북도,경산시,경상북도 경산시 성암로15길 10 (옥산동),,38673,35.824717,128.724117,정상,,없음,False,영업중,2013-03-28,5,5,1,1,1,5,5130000,2022-04-23 17:58:17
4,PHMB520145130030042500002,(주)제로그린,경상북도,경산시,"경상북도 경산시 백양로34길 2-8, 201호 (사동)",경상북도 경산시 사동 154번지,38605,35.810538,128.758607,정상,,없음,False,영업중,2014-02-12,5,5,1,1,1,5,5130000,2025-08-14 16:01:02
5,PHMB520115130030042500004,(주)지엠솔루션,경상북도,경산시,"경상북도 경산시 진량읍 선화로 11, GM빌딩 6층",경상북도 경산시 진량읍 선화리 720-32 GM빌딩,38489,35.873618,128.798976,정상,,없음,False,영업중,2011-12-20,5,6,1,1,1,5,5130000,2026-08-24 13:19:55
6,PHMB520225130030042500001,(주)한국어린이놀이시설안전관리,경상북도,경산시,"경상북도 경산시 경안로69길 7, 2층 (대평동)",경상북도 경산시 대평동 433-2,38503,35.837318,128.732794,정상,053-216-0731,유선,True,영업중,2017-05-10,5,3,0,1,1,5,5130000,2026-09-03 15:02:05
7,PHMB520215130030042500002,TD클린 홈케어,경상북도,경산시,경상북도 경산시 강변동로 104(중방동),경상북도 경산시 중방동 350-6,38627,35.820156,128.732944,정상,,없음,False,영업중,2021-04-12,5,3,0,1,1,5,5130000,2026-08-24 13:08:44
8,PHMB520255130030042500003,경북 크린,경상북도,경산시,"경상북도 경산시 압량읍 연지길 152, 110동 5층 505-2호 (경산 윤성3차아파트)",경상북도 경산시 압량읍 인안리 47 경산 윤성3차아파트,38492,35.865645,128.78957,정상,,없음,False,영업중,2025-04-14,2,3,0,1,1,2,5130000,2025-04-22 15:17:40
9,PHMB520245130030042500005,경산에어컨청소혜경클린,경상북도,경산시,"경상북도 경산시 경산로40길 11, 2층 (옥산동)",경상북도 경산시 옥산동 742-7,38675,35.826064,128.727394,정상,,없음,False,영업중,2024-10-17,5,3,0,1,1,5,5130000,2024-10-17 17:49:18
10,PHMB520155130030042500004,경산환경,경상북도,경산시,경상북도 경산시 서상길 95 (중방동),경상북도 경산시 중방동 351번지 6호,38627,35.82012,128.73314,정상,,없음,False,영업중,2015-10-22,5,5,0,1,1,5,5130000,2022-04-11 10:18:03
11,PHMB520135130030042500001,고신자산관리주식회사,경상북도,경산시,경상북도 경산시 성암로21길 37-15 (옥산동),경상북도 경산시 옥산동 727번지 3호,38660,35.828559,128.725517,정상,,없음,False,영업중,2013-03-13,5,5,1,1,1,5,5130000,2022-04-23 17:55:30
12,PHMB520255130030042500004,그로우컴퍼니,경상북도,경산시,"경상북도 경산시 들뫼길31길 30, 201-1호 (유곡동)",경상북도 경산시 유곡동 295-11,38609,35.797843,128.77549,정상,,없음,False,영업중,2025-04-15,2,3,0,1,1,2,5130000,2025-04-23 09:40:07
13,PHMB520145130030042500004,그린환경관리,경상북도,경산시,경상북도 경산시 박물관로7길 4-15 (사동),경상북도 경산시 사동 642번지 16호,38584,35.816326,128.763238,정상,,없음,False,영업중,2014-10-17,5,5,1,1,1,5,5130000,2022-05-18 09:48:07
14,PHMB519935130030042500001,대성기업,경상북도,경산시,경상북도 경산시 진량읍 공단로100길 13,경상북도 경산시 진량읍 신상리 679번지 1호,38456,35.876529,128.820549,정상,,없음,False,영업중,1993-03-19,5,5,1,1,1,5,5130000,2014-02-10 17:34:06
15,PHMB520215130030042500009,더존(The Zone)경산,경상북도,경산시,경상북도 경산시 자인면 한장군로 118,경상북도 경산시 자인면 서부리 395,38575,35.809134,128.819619,정상,,없음,False,영업중,2021-10-07,5,3,0,1,1,5,5130000,2022-04-25 17:33:11
16,PHMB520265130030042500003,리얼클린,경상북도,경산시,"경상북도 경산시 중앙로19길 26, 1층 (중방동)",경상북도 경산시 중방동 849-6,38622,35.825948,128.736077,정상,,없음,False,영업중,2026-06-25,2,4,0,1,1,2,5130000,2026-06-25 16:52:34
17,PHMB520265130030042500001,명문클린비즈,경상북도,경산시,"경상북도 경산시 계양로8길 63, 상가동동 1층 4호 (사동)",,38593,35.81644,128.754119,정상,,없음,False,영업중,2026-04-15,5,5,0,1,1,5,5130000,2026-04-16 14:59:47
18,PHMB520075130030042500001,미래,경상북도,경산시,"경상북도 경산시 삼성현로31길 16, B3호 (옥산동)",경상북도 경산시 옥산동 885,38682,35.818353,128.722343,정상,,없음,False,영업중,2007-08-20,5,5,1,1,1,5,5130000,2025-10-27 15:35:18
19,PHMB520255130030042500001,바인즈,경상북도,경산시,"경상북도 경산시 압량읍 압독2로8길 25-3, KARA 101호",경상북도 경산시 압량읍 신대리 629 KARA 101호,38538,35.838959,128.765208,정상,,없음,False,영업중,2025-02-20,2,3,0,1,1,2,5130000,2025-02-21 17:59:08
20,PHMB520035130030042500001,서울방역,경상북도,경산시,"경상북도 경산시 경청로221길 10 (백천동, 경산백천월드메르디앙 상가동)",경상북도 경산시 백천동 571번지 2호,38647,35.805602,128.738198,정상,,없음,False,영업중,2003-05-03,5,5,1,2,1,5,5130000,2016-02-24 09:09:00
21,PHMB520225130030042500004,세인CGS,경상북도,경산시,"경상북도 경산시 경안로43길 9, 2층 (중방동)",경상북도 경산시 중방동 850-1,38622,35.826655,128.735433,정상,,없음,False,영업중,2022-11-16,5,3,0,1,1,5,5130000,2026-08-24 13:06:23
22,PHMB520175130030042500002,에코씨씨엠 경산지점,경상북도,경산시,"경상북도 경산시 경안로41길 43-5, 광명아파트 상가동 지하1층 (중방동)",경상북도 경산시 중방동 319-83 광명아파트,38626,35.824976,128.732369,정상,,없음,False,영업중,2017-05-11,5,3,0,1,1,5,5130000,2025-06-30 10:32:49
23,PHMB520205130030042500006,에코캐치,경상북도,경산시,경상북도 경산시 계양로16길 102-3 (사동),경상북도 경산시 사동 564-9,38582,35.817697,128.758681,정상,,없음,False,영업중,2020-06-18,5,3,0,2,2,5,5130000,2025-10-31 17:30:39
24,PHMB520245130030042500006,우주피아,경상북도,경산시,"경상북도 경산시 경산로44길 34-1, 2층 201호 (옥산동)",경상북도 경산시 옥산동 734-7,38675,35.827896,128.72896,정상,053-201-5800,유선,True,영업중,2024-10-21,5,3,0,1,1,5,5130000,2024-11-04 14:46:41
25,PHMB520045130030042500001,제로시스템,경상북도,경산시,"경상북도 경산시 백자로 103, 104동 104호 (사동, 계양우방맨션)",경상북도 경산시 사동 595 계양우방맨션,38594,35.814755,128.756553,정상,,없음,False,영업중,2004-12-01,5,5,1,1,1,5,5130000,2023-01-02 15:40:59
26,PHMB520165130030042500004,제로존,경상북도,경산시,"경상북도 경산시 삼풍로6길 24, 발리빌 1층 (삼풍동)",경상북도 경산시 삼풍동 515-21 발리빌,38544,35.821297,128.757068,정상,053-811-0700,유선,True,영업중,2016-08-09,5,3,0,1,1,5,5130000,2026-08-24 13:42:38
27,PHMB519975130030042500001,제로킵스,경상북도,경산시,경상북도 경산시 원효로36길 57 (사동),경상북도 경산시 사동 601번지 15호,,35.814931,128.75359,정상,,없음,False,영업중,1997-07-21,5,5,1,1,1,5,5130000,2026-01-22 15:04:18
28,PHMB520235130030042500005,주식회사 경청,경상북도,경산시,"경상북도 경산시 장산로24길 2, 2층 (삼북동)",경상북도 경산시 삼북동 197-3,38641,35.818,128.737455,정상,,없음,False,영업중,2023-12-06,5,3,0,1,1,5,5130000,2026-07-20 16:59:42
29,PHMB520115130030042500002,주식회사 대진환경,경상북도,경산시,"경상북도 경산시 진량읍 금호강변로 830-1, 203호",경상북도 경산시 진량읍 부기리 715,38440,35.906254,128.822722,정상,,없음,False,영업중,2011-06-01,5,5,1,1,1,5,5130000,2025-11-14 16:22:25
30,PHMB520225130030042500006,주식회사 푸른나무병원,경상북도,경산시,"경상북도 경산시 중방로 11, 1층 (중방동)",경상북도 경산시 중방동 828-25,38611,35.830278,128.735346,정상,,없음,False,영업중,2022-12-29,5,3,0,1,1,5,5130000,2026-08-21 14:34:23
31,PHMB520245130030042500004,클린하우스,경상북도,경산시,"경상북도 경산시 경산로40길 10, 2층 201호 (옥산동)",경상북도 경산시 옥산동 746-4,38676,35.825677,128.72708,정상,,없음,False,영업중,2024-09-11,5,3,0,1,1,5,5130000,2024-09-11 16:38:29
32,PHMB520205130030042500003,태양시스템,경상북도,경산시,경상북도 경산시 계양로16길 72 (사동),경상북도 경산시 사동 570번지 2호,38581,35.819029,128.755672,정상,,없음,False,영업중,2020-05-14,5,3,0,1,1,5,5130000,2023-03-02 17:40:42
33,PHMB520155130030042500003,토탈방제,경상북도,경산시,경상북도 경산시 압량읍 화랑로59길 13,경상북도 경산시 압량읍 부적리 575번지 50호,,35.839583,128.761344,정상,,없음,False,영업중,2015-07-30,5,3,0,2,1,5,5130000,2022-05-26 10:32:18
34,PHMB520255130030042500005,패스트랩 대구방역소독 개미쥐바퀴벌레퇴치 의무소독,경상북도,경산시,"경상북도 경산시 성암로12길 40-15, 가동 101호 (옥산동)",경상북도 경산시 옥산동 883-1,38680,35.820105,128.723699,정상,,없음,False,영업중,2025-05-21,2,3,0,1,1,2,5130000,2025-08-07 15:37:47
35,PHMB520255130030042500002,하나 방역 경북 동부 지사,경상북도,경산시,"경상북도 경산시 하양읍 대학로305길 39-10, 1층",경상북도 경산시 하양읍 금락리 116-193,38436,35.91138,128.818243,정상,,없음,False,영업중,2025-03-12,2,3,0,1,1,2,5130000,2026-08-21 14:20:51
36,PHMB520265130030042500002,한마당,경상북도,경산시,"경상북도 경산시 경산로40길 11, 2층 249호 (옥산동)",경상북도 경산시 옥산동 742-7,38675,35.826064,128.727394,정상,,없음,False,영업중,2026-04-16,5,3,0,1,1,5,5130000,2026-04-16 15:44:44
37,PHMB520245130030042500001,행운컴퓨터&드론,경상북도,경산시,경상북도 경산시 진량읍 공단2로3길 85,,38458,35.87185,128.823105,정상,,없음,False,영업중,2024-02-16,5,3,0,1,1,5,5130000,2024-02-19 09:01:41
38,PHMB520095050041042500005,(주) 우성개발방역,경상북도,경주시,경상북도 경주시 대안길 14-20 (동천동),경상북도 경주시 동천동 599-37,38106,35.85153,129.223818,정상,054-775-0766,유선,True,영업중,2009-12-29,5,5,1,1,1,5,5050000,2020-07-03 13:05:14
39,PHMB520105050041042500006,(주)경포,경상북도,경주시,경상북도 경주시 유림로 53-8 (황성동),경상북도 경주시 황성동,38074,35.870465,129.217636,정상,054-771-9356,유선,True,영업중,2010-12-16,5,5,1,1,1,5,5050000,2015-01-09 10:46:14
40,PHMB520255050041042500001,(주)공신,경상북도,경주시,"경상북도 경주시 원화로 322, 3층 (성동동)",경상북도 경주시 성동동 146-6,38147,35.849397,129.217289,정상,,없음,False,영업중,2025-01-13,5,3,0,1,1,5,5050000,2025-01-13 15:23:19
41,PHMB520225050041042500005,(주)그린에프앤씨,경상북도,경주시,"경상북도 경주시 와산2길 8, (주)그린에프앤씨 (효현동)",경상북도 경주시 효현동 1009-3,38065,35.82902,129.15734,정상,054-771-2117,유선,True,영업중,2022-06-10,5,3,0,1,1,5,5050000,2026-05-26 10:55:06
42,PHMB520205050041042500008,(주)성호머티리얼즈,경상북도,경주시,경상북도 경주시 현곡면 용담로 174,경상북도 경주시 현곡면 금장리 407,38051,35.867408,129.203581,정상,054-700-9222,유선,True,영업중,2020-05-12,5,5,0,2,1,5,5050000,2026-07-08 13:33:28
43,PHMB520225050041042500009,(주)세스코 경북동부지역단,경상북도,경주시,경상북도 경주시 현곡면 용담로 583-2,경상북도 경주시 현곡면 하구리 338-1,38048,35.891579,129.169644,정상,054-745-8781,유선,True,영업중,2022-12-12,5,3,0,1,1,5,5050000,2024-12-10 17:47:09
44,PHMB520165050041042500006,(주)엠케이피이앤씨,경상북도,경주시,경상북도 경주시 양북면 감은로 155 (한수원푸르뫼사택),경상북도 경주시 양북면 1350번지,38121,35.782849,129.448972,정상,054-744-0662,유선,True,영업중,2016-12-20,5,5,1,1,1,5,5050000,2025-02-24 15:19:02
45,PHMB520195050041042500003,(주)지앤씨,경상북도,경주시,"경상북도 경주시 감포읍 동해안로 2229, 2층",경상북도 경주시 감포읍 감포리 597번지 2호,38125,35.804867,129.49681,정상,054-285-7700,유선,True,영업중,2019-03-05,5,3,0,1,1,5,5050000,2025-03-05 13:56:23
46,PHMB520115050041042500001,(주)크린에코,경상북도,경주시,"경상북도 경주시 감포읍 동해안로 2229, 2층",경상북도 경주시 감포읍 감포리 597번지 2호,38125,35.804867,129.49681,정상,054-285-7700,유선,True,영업중,2011-07-22,5,5,1,1,1,5,5050000,2018-11-29 16:53:54
47,PHMB520005050041042500001,경일방역공사,경상북도,경주시,경상북도 경주시 원지길30번길 13 (용강동),경상북도 경주시 용강동,38077,35.866812,129.221193,정상,054-773-5199,유선,True,영업중,2000-02-18,5,5,1,1,1,5,5050000,2015-01-09 10:22:52
48,PHMB520255050041042500004,경주 청소1번지,경상북도,경주시,경상북도 경주시 원화로 385 (황성동),,38088,35.854868,129.21834,정상,,없음,False,영업중,2025-05-13,10,4,0,2,1,5,5050000,2025-05-13 17:47:42
49,PHMB520235050041042500006,경주방역,경상북도,경주시,"경상북도 경주시 충효5길 11, 205호 (충효동)",경상북도 경주시 충효동 2942,38060,35.845261,129.178592,정상,1668-4214,대표번호,True,영업중,2023-07-14,5,3,0,1,1,5,5050000,2024-06-26 11:49:22
50,PHMB520235050041042500003,광신개발 주식회사,경상북도,경주시,"경상북도 경주시 계림로 107, 천년빌딩 2층 (노동동)",경상북도 경주시 노동동 140-9 천년빌딩,38154,35.843903,129.213172,정상,,없음,False,영업중,2023-03-22,5,3,0,1,1,5,5050000,2023-03-22 17:47:34
51,PHMB520105050041042500007,그린시스템,경상북도,경주시,경상북도 경주시 금성로368번길 29 (성건동),경상북도 경주시 성건동 677번지 109호,38135,35.851346,129.20989,정상,,없음,False,영업중,2010-11-24,5,3,0,1,1,5,5050000,2016-12-23 17:28:53
52,PHMB520215050041042500001,나아협동조합,경상북도,경주시,"경상북도 경주시 양남면 나아3길 14, 1층",경상북도 경주시 양남면 나아리 520-1,38219,35.700413,129.469476,정상,,없음,False,영업중,2021-03-09,5,3,0,1,1,5,5050000,2025-04-11 17:46:07
53,PHMB520135050041042500003,닥터케어스,경상북도,경주시,"경상북도 경주시 알천북로 317, 지하1층 (동천동)",경상북도 경주시 동천동 953-2,38112,35.844846,129.232294,정상,,없음,False,영업중,2013-03-13,5,5,1,1,1,5,5050000,2024-11-13 16:36:08
54,PHMB520205050041042500019,대광산업,경상북도,경주시,경상북도 경주시 포석로 560 (배동),경상북도 경주시 배동 948-6,38173,35.791436,129.205481,정상,,없음,False,영업중,2020-10-14,5,3,0,1,1,5,5050000,2020-10-16 10:07:57
55,PHMB520105050041042500002,대신환경,경상북도,경주시,"경상북도 경주시 초당길23번길 23, 1층 (동천동)",경상북도 경주시 동천동 928-9,38112,35.846926,129.233081,정상,054-776-5119,유선,True,영업중,2010-09-30,5,5,0,2,6,5,5050000,2026-03-23 14:34:31
56,PHMB519955050041042500002,동서환경공사,경상북도,경주시,경상북도 경주시 초당길43번길 11-16 (동천동),경상북도 경주시 동천동 733번지 1051호,38112,35.845999,129.233536,정상,054-771-5917,유선,True,영업중,1995-01-18,5,3,0,1,1,5,5050000,2025-03-10 11:12:01
57,PHMB520185050041042500001,명문소독,경상북도,경주시,경상북도 경주시 안강읍 안현로 1554-76,경상북도 경주시 안강읍 안강리 586-17,38007,35.994025,129.229364,정상,,없음,False,영업중,2018-01-25,5,3,0,1,1,5,5050000,2021-11-03 18:52:30
58,PHMB520125050041042500002,명진산업 (주),경상북도,경주시,경상북도 경주시 감포읍 동해안로 2227,경상북도 경주시 감포읍 감포리 595번지 2호,38125,35.804677,129.496723,정상,054-771-8954,유선,True,영업중,2012-08-06,5,5,1,1,1,5,5050000,2023-02-13 15:20:50
59,PHMB520165050041042500005,문주개발,경상북도,경주시,경상북도 경주시 문무대왕면 척현길 9,경상북도 경주시 문무대왕면 어일리 622번지 1호,38121,35.779759,129.444924,정상,054-748-8822,유선,True,영업중,2016-07-28,5,5,1,1,1,5,5050000,2026-05-26 11:43:24
60,PHMB520245050041042500001,미래드론아카데미,경상북도,경주시,경상북도 경주시 강동면 단구안계길 88-6,경상북도 경주시 강동면 단구리 1135,38003,36.04977,129.24494,정상,,없음,False,영업중,2024-05-09,5,3,0,1,1,5,5050000,2024-05-09 17:20:51
61,PHMB520265050041042500001,백산개발,경상북도,경주시,"경상북도 경주시 충현로 13, 상가 제5호 (충효동)",경상북도 경주시 충효동 3292,38057,35.8456,129.171079,정상,,없음,False,영업중,2026-01-30,5,3,0,1,1,5,5050000,2026-01-30 14:26:59
62,PHMB520255050041042500002,보아스시스템,경상북도,경주시,경상북도 경주시 유림로33번길 18 (황성동),,38074,35.87023,129.215868,지오코딩_근사(행정구역중심),,없음,False,영업중,2025-02-07,10,4,0,1,4,5,5050000,2025-02-12 11:54:08
63,PHMB520095050041042500001,부국산업,경상북도,경주시,경상북도 경주시 승삼4길 9-9 (용강동),경상북도 경주시 용강동 1297-8,38092,35.87561,129.230438,정상,054-742-8894,유선,True,영업중,2009-04-22,5,5,1,1,1,5,5050000,2021-02-04 16:41:54
64,PHMB520215050041042500003,사단법인 하나-경주지역자활센터,경상북도,경주시,경상북도 경주시 태종로791번길 6 (황오동),경상북도 경주시 황오동 330,38159,35.841376,129.21476,정상,,없음,False,영업중,2021-06-09,5,3,0,1,1,5,5050000,2026-06-01 15:05:05
65,PHMB520205050041042500013,사회적협동조합 크린존,경상북도,경주시,"경상북도 경주시 양정로 214, 2층 (동천동)",,38107,35.851623,129.224328,정상,054-745-6401,유선,True,영업중,2020-09-08,5,3,0,1,1,5,5050000,2020-09-08 16:43:44
66,PHMB520015050041042500001,삼성종합관리공사,경상북도,경주시,"경상북도 경주시 충효중앙길 94-4, 1호 (충효동, 경동하이츠5차)",경상북도 경주시 충효동 2957 경동하이츠5차,38060,35.844869,129.181294,정상,054-745-0636,유선,True,영업중,2001-12-04,5,3,0,1,1,5,5050000,2021-01-22 08:35:34
67,PHMB520105050041042500003,상록수환경방역,경상북도,경주시,"경상북도 경주시 태종로 207-9(효현동, 학사원룸)",경상북도 경주시 효현동 677-3 학사원룸 101호,38065,35.83294,129.159997,정상,,없음,False,영업중,2010-11-05,5,5,1,3,2,5,5050000,2022-01-05 16:17:49
68,PHMB520095050041042500002,선인크린텍,경상북도,경주시,경상북도 경주시 알천북로 353 (동천동),경상북도 경주시 동천동 945-7,38113,35.843884,129.235892,정상,054-776-3400,유선,True,영업중,2009-05-07,5,5,1,1,5,5,5050000,2026-06-17 12:00:49
69,PHMB520235050041042500009,세진환경,경상북도,경주시,경상북도 경주시 산업로 4377-10 (용강동),경상북도 경주시 용강동 847-2 보우아파트,38076,35.870861,129.223858,정상,,없음,False,영업중,2023-12-29,5,3,0,1,1,5,5050000,2026-06-01 15:02:44
70,PHMB520145050041042500002,아주환경방역공사,경상북도,경주시,경상북도 경주시 원화로 501 (용강동),경상북도 경주시 용강동,38077,35.864912,129.222196,정상,054-774-4297,유선,True,영업중,2014-08-12,5,5,1,1,1,5,5050000,2026-06-18 15:44:42
71,PHMB520265050041042500002,애니젠 경북지점,경상북도,경주시,"경상북도 경주시 동천로 3, 2층 (동천동)",경상북도 경주시 동천동 592-4,38107,35.848784,129.224542,정상,,없음,False,영업중,2026-07-31,2,3,0,1,1,2,5050000,2026-08-04 13:39:30
72,PHMB519865050041042500001,앤가드신라,경상북도,경주시,경상북도 경주시 원효로 275 (구황동),,38150,35.841144,129.231261,정상,054-773-8204,유선,True,영업중,1986-05-29,5,5,1,1,1,5,5050000,2015-01-09 09:29:38
73,PHMB520225050041042500006,에코N경주,경상북도,경주시,경상북도 경주시 태종로 801-3(황오동),경상북도 경주시 황오동 313-1,38159,35.841333,129.215868,정상,,없음,False,영업중,2022-08-12,5,3,0,1,1,5,5050000,2026-07-13 16:36:41
74,PHMB520165050041042500002,엠케피,경상북도,경주시,"경상북도 경주시 양남면 양남항구길 14-8, 1층",경상북도 경주시 양남면 읍천리 332번지,38219,35.69033,129.474536,정상,054-744-0662,유선,True,영업중,2016-01-12,5,3,0,1,1,5,5050000,2026-07-09 10:52:58
75,PHMB520245050041042500002,원 종합환경관리,경상북도,경주시,"경상북도 경주시 승삼신리길 16-11, 1층 (용강동)",경상북도 경주시 용강동 1285-11,38090,35.879099,129.229597,정상,,없음,False,영업중,2024-08-13,5,3,0,1,2,5,5050000,2025-06-02 17:11:46
76,PHMB520225050041042500007,이원패스,경상북도,경주시,"경상북도 경주시 승삼신리길 2, 1층 (용강동)",경상북도 경주시 용강동 1287-5,38090,35.878739,129.228681,정상,,없음,False,영업중,2022-08-12,5,3,0,1,1,5,5050000,2025-05-12 09:05:11
77,PHMB520235050041042500004,주식회사 사람과 환경,경상북도,경주시,경상북도 경주시 태종로685번길 2(노서동),경상북도 경주시 노서동 243-5,38157,35.838844,129.20341,정상,,없음,False,영업중,2023-03-28,5,3,0,1,1,5,5050000,2023-03-29 09:01:42
78,PHMB520195050041042500005,주식회사 청령,경상북도,경주시,경상북도 경주시 양남면 양남항구길 14-8,,38219,35.69033,129.474536,정상,,없음,False,영업중,2019-04-15,5,3,0,1,1,5,5050000,2026-07-09 10:50:50
79,PHMB519845050041042500001,중앙방역공사,경상북도,경주시,경상북도 경주시 동성로 65-7 (성건동),경상북도 경주시 성건동 339-27,38155,35.843781,129.207506,정상,,없음,False,영업중,1984-12-20,5,3,0,1,1,5,5050000,2020-10-07 09:40:53
80,PHMB520165050041042500004,지제이건설(주),경상북도,경주시,경상북도 경주시 양남면 나아2길 7-8,경상북도 경주시 양남면 나아리 405-3,38219,35.700376,129.47162,정상,054-771-8674,유선,True,영업중,2016-03-16,5,3,0,1,1,5,5050000,2023-09-07 17:44:03
81,PHMB520235050041042500001,청솔크린텍,경상북도,경주시,"경상북도 경주시 국민주택길 33, 성건원룸 1층 102호 (성건동)",경상북도 경주시 성건동 620-563,38131,35.856924,129.203521,정상,,없음,False,영업중,2023-02-22,5,3,0,1,1,5,5050000,2025-02-21 17:17:36
82,PHMB520105050041042500005,초록환경,경상북도,경주시,"경상북도 경주시 동천로76번길 2, 101호 (동천동)",경상북도 경주시 동천동 826,38102,35.854378,129.226819,정상,054-773-5868,유선,True,영업중,2010-05-18,5,3,0,1,1,5,5050000,2026-05-06 18:46:11
83,PHMB520225050041042500004,클린마스터,경상북도,경주시,"경상북도 경주시 동문로 14, A동 116호 (성동동)",경상북도 경주시 성동동 386-1,38146,35.845538,129.214766,정상,,없음,False,영업중,2022-05-12,5,3,0,1,1,5,5050000,2022-05-12 17:37:32
84,PHMB520175050041042500005,태경 개발,경상북도,경주시,경상북도 경주시 토용길24번길 27-1 (용강동),경상북도 경주시 용강동 1326-4,38095,35.863098,129.224914,정상,,없음,False,영업중,2017-11-27,5,3,0,1,1,5,5050000,2023-04-13 16:37:46
85,PHMB520235050041042500008,태양방역,경상북도,경주시,"경상북도 경주시 외동읍 산업로 1842, 3층",경상북도 경주시 외동읍 모화리 302-2,38208,35.67859,129.33383,정상,,없음,False,영업중,2023-12-04,5,3,0,1,1,5,5050000,2024-01-30 10:12:12
86,PHMB520235050041042500002,태원 종합 관리,경상북도,경주시,"경상북도 경주시 양남면 동해안로 654, 2층",경상북도 경주시 양남면 나아리 411-3,38219,35.700495,129.470986,정상,,없음,False,영업중,2023-03-02,5,3,0,1,1,5,5050000,2025-02-21 17:09:56
87,PHMB520225050041042500002,투엔방역,경상북도,경주시,"경상북도 경주시 소금강로 49-3, 1층 (용강동)",,38095,35.860157,129.225634,정상,054-773-5671,유선,True,영업중,2022-03-30,5,5,0,4,1,5,5050000,2022-03-30 18:11:29
88,PHMB520195050041042500006,프로세븐,경상북도,경주시,경상북도 경주시 한빛길20번길 37 (성건동),경상북도 경주시 성건동 693번지 2호,38133,35.853664,129.20476,정상,1522-0929,대표번호,True,영업중,2019-07-02,5,3,0,1,1,5,5050000,2020-11-16 13:49:04
89,PHMB520105050041042500001,하나방역,경상북도,경주시,"경상북도 경주시 충효4길 19, 201호 (충효동, 더필원룸)",경상북도 경주시 충효동 2966-3 더필원룸,38060,35.844439,129.182755,정상,054-772-0220,유선,True,영업중,2010-05-18,5,5,1,1,1,5,5050000,2023-07-09 16:34:47
90,PHMB520205050041042500010,"하나방역(PEST119)경주,포항지사",경상북도,경주시,"경상북도 경주시 동문로 64, 장미타운상가 103호 (성동동)",경상북도 경주시 성동동 228-2,38138,35.850513,129.214895,정상,,없음,False,영업중,2020-07-02,5,3,0,1,1,5,5050000,2025-02-21 17:12:29
91,PHMB520205050041042500021,한국방역연구소,경상북도,경주시,"경상북도 경주시 천북면 모아동산길 356, 204호",경상북도 경주시 천북면 동산리 347 주식회사파로시스템,38041,35.901122,129.27056,정상,,없음,False,영업중,2020-12-23,5,3,0,4,1,5,5050000,2023-05-22 17:42:16
92,PHMB520115050041042500003,한서안전(주),경상북도,경주시,"경상북도 경주시 원화로 501, 2층 (용강동)",경상북도 경주시 용강동 1178-3,38077,35.864912,129.222196,정상,,없음,False,영업중,2011-04-14,5,3,0,1,1,5,5050000,2026-06-18 15:46:15
93,PHMB520115050041042500002,한솔종합환경,경상북도,경주시,"경상북도 경주시 건천읍 작원3길 81-7, 2층 1호 (전원타운)",경상북도 경주시 건천읍 천포리 366 전원타운,38178,35.854948,129.09919,정상,,없음,False,영업중,2011-04-14,5,3,0,1,1,7,5050000,2026-07-09 11:22:42
94,PHMB520255050041042500003,황금 빗자루,경상북도,경주시,"경상북도 경주시 동대로22번길 10-1, 1층 (성건동)",경상북도 경주시 성건동 620-508,38131,35.85648,129.204877,정상,054-771-7753,유선,True,영업중,2025-03-19,5,4,0,1,1,5,5050000,2025-03-24 09:28:10
95,PHMB520205200016042500001,성요셉직업재활센터,경상북도,고령군,"경상북도 고령군 성산면 안어실길 75, 성요셉직업재활센터",경상북도 고령군 성산면 어곡리 369번지 성요셉직업재활센터,40118,35.745512,128.363293,정상,054-954-0046,유선,True,영업중,2020-06-01,5,3,0,1,1,5,5200000,2022-11-16 14:09:56
96,PHMB520265200016042500001,엔클린종합관리,경상북도,고령군,"경상북도 고령군 다산면 다산로 714, 2층",경상북도 고령군 다산면 평리리 253-2,40109,35.825539,128.453474,정상,,없음,False,영업중,2026-01-27,5,5,0,2,2,5,5200000,2026-01-28 11:02:50
97,PHMB520235080035042500007,(주)경북관리,경상북도,구미시,"경상북도 구미시 인동48길 5-22, 1층 (구평동)",경상북도 구미시 구평동 459-15,39446,36.091492,128.442046,정상,,없음,False,영업중,2023-09-07,5,5,0,1,2,5,5080000,2025-10-27 17:27:13
98,PHMB519865080035042500001,(주)구미방역종합관리,경상북도,구미시,경상북도 구미시 송정대로 119 (송정동),경상북도 구미시 송정동 81번지,39276,36.118213,128.351035,정상,054-452-3790,유선,True,영업중,1986-05-27,5,5,1,1,1,5,5080000,2021-05-11 15:44:03
99,PHMB520085080035042500007,(주)구미용역,경상북도,구미시,"경상북도 구미시 1공단로 182 (공단동,금오빌딩312호)",경상북도 구미시 공단동 264번지 8호 금오빌딩312호,,36.101678,128.38301,정상,054-458-1212,유선,True,영업중,2008-11-05,5,6,1,1,4,5,5080000,2021-05-11 14:21:51
100,PHMB520165080035042500003,(주)금오산맥,경상북도,구미시,"경상북도 구미시 금오시장로6길 7, 2층 (원평동)",,39229,36.125872,128.341565,정상,054-444-0911,유선,True,영업중,2016-06-02,5,3,0,1,1,5,5080000,2023-06-19 13:49:04
101,PHMB520115080035042500002,(주)명신종합관리,경상북도,구미시,경상북도 구미시 봉곡남로16길 15-8 (봉곡동),경상북도 구미시 봉곡동 407번지 7호,39210,36.148111,128.313476,정상,054-458-9998,유선,True,영업중,2011-10-10,5,5,1,1,1,5,5080000,2016-02-15 14:01:58
102,PHMB520205080035042500017,(주)민국정보통신방역사업부,경상북도,구미시,"경상북도 구미시 3공단2로 303, 1층 (임수동)",,39390,36.107438,128.405431,정상,,없음,False,영업중,2020-10-11,5,3,0,1,1,5,5080000,2021-05-10 11:04:31
103,PHMB520195080035042500001,(주)반듯,경상북도,구미시,"경상북도 구미시 인동북길 91, 2층 (인의동)",경상북도 구미시 인의동 699-2,39436,36.099272,128.426823,정상,054-476-0111,유선,True,영업중,2019-02-21,5,3,0,1,1,5,5080000,2022-11-22 18:55:26
104,PHMB520245080035042500004,(주)선빈,경상북도,구미시,"경상북도 구미시 3공단1로 302-7, 구미공구상가 2층 209호 (임수동)",,39391,36.109552,128.402991,정상,,없음,False,영업중,2024-06-28,5,3,0,1,1,5,5080000,2024-07-02 16:03:08
105,PHMB520235080035042500005,(주)성립,경상북도,구미시,"경상북도 구미시 수출대로 523, 401, 402호 (황상동)",경상북도 구미시 황상동 342-4,39426,36.110852,128.422277,정상,,없음,False,영업중,2023-08-07,5,3,0,1,1,5,5080000,2025-11-14 10:52:46
106,PHMB520075080035042500003,(주)세스코 경북서부지역단,경상북도,구미시,경상북도 구미시 3공단2로 303 (임수동),경상북도 구미시 임수동 31번지 1호 3층,39390,36.107438,128.405431,정상,054-471-9501,유선,True,영업중,2007-07-03,5,5,1,1,1,5,5080000,2024-10-07 14:33:20
107,PHMB520205080035042500015,(주)스마트앤홈,경상북도,구미시,"경상북도 구미시 인동11안길 1, 블루시티 1층 101호 (인의동)",경상북도 구미시 인의동 644-4,39434,36.102302,128.426209,정상,054-921-0802,유선,True,영업중,2020-10-07,5,3,0,1,1,5,5080000,2024-08-22 18:51:23
108,PHMB520215080036042500001,(주)신미디앤디,경상북도,구미시,"경상북도 구미시 고아읍 문장로 178, 2층",,39198,36.149144,128.331233,정상,054-454-0037,유선,True,영업중,2021-06-14,10,3,0,1,1,5,5080000,2021-06-17 14:02:35
109,PHMB520225080035042500005,(주)아리아메디,경상북도,구미시,"경상북도 구미시 산호대로 363, 1층 (공단동)",경상북도 구미시 공단동 129-4,39263,36.115782,128.384938,정상,,없음,False,영업중,2022-06-23,8,3,0,1,1,5,5080000,2022-06-27 08:45:58
110,PHMB520255080035042500004,(주)엠케이,경상북도,구미시,"경상북도 구미시 인동북길 35, 3층 (인의동)",경상북도 구미시 인의동 842-1,39433,36.102971,128.422941,정상,054-454-6688,유선,True,영업중,2025-04-10,2,3,0,1,1,2,5080000,2025-04-10 19:44:23
111,PHMB520265080035042500003,(주)왕초솔루션,경상북도,구미시,"경상북도 구미시 산호대로25길 26-19, 1층 (옥계동)",경상북도 구미시 옥계동 623-11,39186,36.139613,128.416987,정상,,없음,False,영업중,2026-05-11,2,3,0,1,1,2,5080000,2026-05-14 16:34:59
112,PHMB520165080035042500004,(주)우진엘엔시,경상북도,구미시,경상북도 구미시 인동북길 5 (인의동),,39433,36.10525,128.420939,정상,054-465-3220,유선,True,영업중,2016-06-21,5,3,0,1,1,5,5080000,2021-05-10 16:04:40
113,PHMB520075080035042500010,(주)태웅,경상북도,구미시,"경상북도 구미시 송정대로 164, 2층 (송정동, 새로넷빌딩)",,39272,36.119119,128.355864,정상,,없음,False,영업중,2007-09-11,5,5,1,1,1,5,5080000,2026-04-02 10:47:19
114,PHMB520205080035042500005,(주)하나종합시스템,경상북도,구미시,경상북도 구미시 송동로7안길 10-6 (도량동),경상북도 구미시 도량동 196번지,39200,36.143321,128.320664,정상,054-444-0667,유선,True,영업중,2020-03-11,5,3,0,1,1,5,5080000,2020-03-13 08:19:54
115,PHMB520175080035042500004,(주)함도래,경상북도,구미시,경상북도 구미시 형곡동로5길 6-9 (형곡동),경상북도 구미시 형곡동 314번지 4호,39318,36.105582,128.335321,정상,,없음,False,영업중,2017-10-19,5,3,0,1,1,5,5080000,2021-05-10 15:17:50
116,PHMB520165080035042500005,(합)에이스이엔지,경상북도,구미시,"경상북도 구미시 야은로 736, 비101호 (신평동)",경상북도 구미시 신평동 11번지 11호,39236,36.124355,128.359563,정상,070-7166-7502,인터넷전화,True,영업중,2016-09-22,5,3,0,1,1,5,5080000,2021-05-10 16:00:16
117,PHMB520205080035042500018,365클린케어,경상북도,구미시,경상북도 구미시 수출대로 535 (황상동),경상북도 구미시 황상동 274-8,39426,36.110912,128.423674,정상,,없음,False,영업중,2020-11-29,5,3,0,1,1,5,5080000,2023-06-05 14:11:27
118,PHMB520215080035042500003,JH시스템,경상북도,구미시,"경상북도 구미시 형곡로16길 11-14, 1층 (형곡동)",경상북도 구미시 형곡동 154-4,39298,36.11181,128.331101,정상,,없음,False,영업중,2021-04-15,5,3,0,2,1,5,5080000,2021-04-16 16:04:06
119,PHMB520205080035042500004,J클린,경상북도,구미시,"경상북도 구미시 1공단로7길 86-1, 2층 204호 (공단동)",경상북도 구미시 공단동 203번지,39367,36.109936,128.377676,정상,1661-7206,대표번호,True,영업중,2020-03-12,5,3,0,1,1,5,5080000,2021-05-10 13:43:17
120,PHMB520205080035042500011,가나방역,경상북도,구미시,경상북도 구미시 신시로18길 5-4 (송정동),경상북도 구미시 송정동 24-6,39284,36.117991,128.33927,정상,,없음,False,영업중,2020-07-09,5,3,0,1,1,5,5080000,2020-07-10 08:29:01
121,PHMB520145080035042500001,거성방역종합관리,경상북도,구미시,"경상북도 구미시 원남로1길 64, 101동 1호 (원평동, 동방2차아파트)",경상북도 구미시 원평동 84번지 동방2차아파트,39301,36.128549,128.328316,정상,054-456-7778,유선,True,영업중,2014-02-13,5,5,1,1,1,5,5080000,2021-05-11 11:51:50
122,PHMB520255080035042500002,경북그린,경상북도,구미시,"경상북도 구미시 금오시장로 13, 2층 258호 (원평동)",경상북도 구미시 원평동 1028-2 금오시장,39227,36.12623,128.340699,정상,,없음,False,영업중,2025-03-18,2,3,0,1,1,2,5080000,2026-01-22 14:40:14
123,PHMB519895080035042500001,공단방역공사,경상북도,구미시,"경상북도 구미시 신시로6길 4, 지하층 (형곡동, 진흥명문빌라)",경상북도 구미시 형곡동 172-1 진흥명문빌라,39315,36.111029,128.339707,정상,054-455-6628,유선,True,영업중,1989-01-09,5,5,1,1,1,5,5080000,2022-12-08 17:35:22
124,PHMB520075080035042500004,구미시니어클럽(안심클린소독),경상북도,구미시,"경상북도 구미시 문장로12길 8, 1층 (도량동)",경상북도 구미시 도량동 741번지 4호,39198,36.140212,128.333895,정상,,없음,False,영업중,2007-06-01,5,5,1,1,1,5,5080000,2024-12-16 18:53:52
125,PHMB520225080035042500001,구미직업재활센터,경상북도,구미시,"경상북도 구미시 구미대로4길 19, 장애인 재활센터 2층 (임은동)",경상북도 구미시 임은동 282 장애인 재활센터,39351,36.088173,128.363464,정상,054-715-2822,유선,True,영업중,2022-01-12,5,3,0,1,1,5,5080000,2026-01-23 17:51:02
126,PHMB520265080035042500001,금오마을관리사회적협동조합,경상북도,구미시,"경상북도 구미시 금오시장로 13, 금오시장 216호 (원평동)",경상북도 구미시 원평동 1028-2 금오시장,39227,36.12623,128.340699,정상,,없음,False,영업중,2026-01-13,5,3,0,1,1,5,5080000,2026-01-16 09:06:40
127,PHMB519925080035042500001,금오방역공사,경상북도,구미시,경상북도 구미시 신시로6길 21 (형곡동),경상북도 구미시 형곡동 175번지 10호,,36.110631,128.341511,정상,054-455-9142,유선,True,영업중,1992-03-09,5,5,1,1,1,5,5080000,2021-05-11 15:35:35
128,PHMB520255080035042500003,금오산업개발,경상북도,구미시,"경상북도 구미시 봉곡서로5길 6-5, 1층 (봉곡동)",경상북도 구미시 봉곡동 193-8,39204,36.1532,128.305983,정상,,없음,False,영업중,2025-04-02,2,3,0,1,1,2,5080000,2025-04-02 17:35:01
129,PHMB520215080035042500006,긍정의뉴스,경상북도,구미시,"경상북도 구미시 형곡로41길 11, 2층 (형곡동)",경상북도 구미시 형곡동 179-4,39315,36.109789,128.340782,정상,054-443-6655,유선,True,영업중,2021-08-03,5,3,0,1,1,5,5080000,2022-12-02 14:46:15
130,PHMB520225080035042500006,늘푸른(주),경상북도,구미시,"경상북도 구미시 봉곡북로 86, 4층 (봉곡동)",,39207,36.153889,128.313297,정상,054-436-1955,유선,True,영업중,2022-08-23,5,3,0,1,1,5,5080000,2022-08-23 20:41:30
131,PHMB520245080035042500005,다자바방역,경상북도,구미시,"경상북도 구미시 도봉로5안길 7-3, 1층 101호 (도량동)",,39200,36.141008,128.320744,정상,,없음,False,영업중,2024-07-09,5,3,0,1,1,5,5080000,2024-07-12 14:23:02
132,PHMB520245080035042500002,달리실업,경상북도,구미시,"경상북도 구미시 신비로 147, 1층 (비산동)",경상북도 구미시 비산동 391-4,39245,36.122298,128.377884,정상,,없음,False,영업중,2024-01-31,5,3,0,1,1,5,5080000,2026-01-22 15:00:23
133,PHMB520075080035042500005,대광방역청소관리,경상북도,구미시,"경상북도 구미시 송정대로 119 (송정동,한우2차 상가 203호)",경상북도 구미시 송정동 81번지 한우2차 상가 203호,39276,36.118213,128.351035,정상,054-458-1464,유선,True,영업중,2007-04-11,5,5,1,1,1,5,5080000,2025-12-23 11:10:58
134,PHMB520075080035042500001,대상MPI,경상북도,구미시,경상북도 구미시 검성로 39 (황상동),경상북도 구미시 황상동 237번지 2호,,36.114339,128.42447,정상,054-458-1510,유선,True,영업중,2007-01-08,5,5,1,1,1,5,5080000,2021-05-11 15:12:46
135,PHMB520075080035042500009,대실환경개발,경상북도,구미시,"경상북도 구미시 금오시장로 13 (원평동,금오시장상가172,173호)","경상북도 구미시 원평동 1028번지 2호 금오시장상가172,173호",,36.12623,128.340699,정상,054-451-1632,유선,True,영업중,2007-11-20,5,5,1,1,1,5,5080000,2022-11-29 10:40:39
136,PHMB520075080035042500006,대우청소방역,경상북도,구미시,경상북도 구미시 지산3길 8-4 (지산동),경상북도 구미시 지산동 539번지 19호,,36.135324,128.344796,정상,054-444-5475,유선,True,영업중,2007-08-20,5,5,1,1,1,5,5080000,2021-05-11 14:44:08
137,PHMB520245080035042500006,대한건축관리(주),경상북도,구미시,"경상북도 구미시 봉곡로 108, 명성빌딩 7층 (봉곡동)",,39210,36.148361,128.310714,정상,,없음,False,영업중,2024-09-05,5,3,0,1,1,5,5080000,2025-12-23 11:05:43
138,PHMB520205080035042500013,동진PNP,경상북도,구미시,"경상북도 구미시 구미중앙로7길 34-7, 1층 (원평동)",경상북도 구미시 원평동 6-39,39217,36.133453,128.331018,정상,,없음,False,영업중,2020-08-08,5,3,0,1,1,5,5080000,2021-05-10 11:32:07
139,PHMB520235080035042500004,로취버스터즈,경상북도,구미시,"경상북도 구미시 금오대로14길 15-4, 대동타운3차 202호 (오태동)",경상북도 구미시 오태동 753-4 대동타운3차,39362,36.070714,128.351297,정상,,없음,False,영업중,2023-08-04,5,5,0,4,1,5,5080000,2026-01-23 09:02:52
140,PHMB520205080036042500002,리드홈케어,경상북도,구미시,경상북도 구미시 고아읍 들성로7길 10-57,,39146,36.1621,128.344591,정상,1811-9071,대표번호,True,영업중,2020-02-28,7,3,0,1,2,5,5080000,2020-03-02 20:35:39
141,PHMB520095080035042500007,명성방역청소기공,경상북도,구미시,"경상북도 구미시 금오시장로 13, 금오시장 2층 245,246,247호 (원평동)",경상북도 구미시 원평동 1028-2 금오시장,39227,36.12623,128.340699,정상,054-444-9140,유선,True,영업중,2009-11-18,5,5,1,1,1,5,5080000,2021-09-09 12:56:14
142,PHMB520245080036042500002,명성크린케어,경상북도,구미시,경상북도 구미시 선산읍 선산대로 1400-10,경상북도 구미시 선산읍 동부리 318-1,39117,36.239273,128.304392,정상,,없음,False,영업중,2024-05-20,5,3,0,1,1,5,5080000,2024-05-21 17:59:15
143,PHMB520205080035042500019,무궁화방역,경상북도,구미시,"경상북도 구미시 형곡로 211-3, 2층 (형곡동)",경상북도 구미시 형곡동 192-9,39314,36.108059,128.338631,정상,054-444-8805,유선,True,영업중,2020-12-22,5,3,0,1,1,5,5080000,2021-05-10 10:48:51
144,PHMB520225080035042500008,미래종합관리,경상북도,구미시,"경상북도 구미시 형곡로14길 7, 4층 401호 (형곡동)",경상북도 구미시 형곡동 138-2,39292,36.113961,128.331513,정상,,없음,False,영업중,2022-10-21,5,3,0,1,1,5,5080000,2022-10-21 18:59:56
145,PHMB520225080035042500003,민들레청소방역,경상북도,구미시,"경상북도 구미시 금오대로5길 10, 2층 203호 (오태동)",,39360,36.072426,128.348774,정상,,없음,False,영업중,2022-03-07,10,3,0,1,1,5,5080000,2022-03-07 14:56:57
146,PHMB520225080035042500007,바른교육사,경상북도,구미시,"경상북도 구미시 봉곡남로16길 15-10, 1층 (봉곡동)",경상북도 구미시 봉곡동 407-9,39210,36.148162,128.313623,정상,,없음,False,영업중,2022-09-16,5,3,0,1,1,5,5080000,2022-09-17 12:49:04
147,PHMB520255080035042500006,벌잡사(벌레를잡는사람들),경상북도,구미시,"경상북도 구미시 금오대로16길 23-4, 2층 (오태동)",경상북도 구미시 오태동 759-2,39363,36.070353,128.352705,정상,,없음,False,영업중,2025-11-06,5,4,0,1,1,5,5080000,2025-11-10 17:34:48
148,PHMB520205080035042500016,블루에코바이러스솔루션,경상북도,구미시,"경상북도 구미시 송동로7길 31-10, 1층층 (도량동)",,39195,36.14561,128.31998,정상,054-443-4774,유선,True,영업중,2020-10-11,5,3,0,1,1,5,5080000,2021-05-10 11:11:09
149,PHMB520175080035042500002,삼성청결사,경상북도,구미시,경상북도 구미시 신시로7길 6 (형곡동),,39294,36.113181,128.338614,정상,054-457-7599,유선,True,영업중,2017-06-05,5,3,0,1,1,5,5080000,2026-04-03 16:46:02
150,PHMB520145080035042500002,서희종합방역,경상북도,구미시,"경상북도 구미시 금오시장로 13, 금오시장 1층 161호 (원평동)",경상북도 구미시 원평동 1028-2 금오시장,39227,36.12623,128.340699,정상,054-457-3692,유선,True,영업중,2014-07-09,5,5,1,1,1,5,5080000,2022-12-12 17:55:13
151,PHMB520185080036042500001,선도종합관리(주),경상북도,구미시,경상북도 구미시 고아읍 봉한4길 17 (봉한리 금류아파트),경상북도 구미시 고아읍 봉한리 911번지 101호 봉한리 금류아파트 상가,39152,36.183409,128.351523,정상,,없음,False,영업중,2018-03-09,5,3,0,1,1,5,5080000,2018-03-12 11:11:42
152,PHMB520265080036042500001,세이프엑스 구미지사,경상북도,구미시,"경상북도 구미시 고아읍 봉한4길 17, 2동 2층 201호 (봉한리 금류아파트)",,39152,36.183409,128.351523,정상,,없음,False,영업중,2026-07-28,5,3,0,1,1,5,5080000,2026-07-28 13:27:24
153,PHMB520115080036042500001,세종방역공사,경상북도,구미시,경상북도 구미시 선산읍 선산중앙로7길 23,경상북도 구미시 선산읍 동부리 508번지 4호,39131,36.243686,128.304633,정상,054-481-2638,유선,True,영업중,2011-12-22,5,6,1,1,1,5,5080000,2014-10-31 18:38:21
154,PHMB520215080035042500009,수려한환경,경상북도,구미시,"경상북도 구미시 인동39길 18-15, 1층 (구평동)",경상북도 구미시 구평동 436-12,39442,36.095357,128.435377,정상,054-608-0799,유선,True,영업중,2021-11-11,5,3,0,1,1,5,5080000,2021-11-11 15:32:00
155,PHMB520255080035042500005,스마일방역,경상북도,구미시,"경상북도 구미시 금오시장로7길 21, 2층 (원평동)",경상북도 구미시 원평동 964-711,39227,36.127533,128.33936,정상,,없음,False,영업중,2025-10-20,5,3,0,1,1,5,5080000,2025-10-21 08:57:02
156,PHMB520265080035042500002,시스템방제,경상북도,구미시,"경상북도 구미시 형곡로 96, 2층 (형곡동)",경상북도 구미시 형곡동 152-13,39298,36.112621,128.332118,정상,,없음,False,영업중,2026-01-21,5,4,0,1,1,5,5080000,2026-01-23 10:04:47
157,PHMB520005080035042500002,신용환경산업,경상북도,구미시,"경상북도 구미시 형곡동로8길 12, 2층 (형곡동)",경상북도 구미시 형곡동 191,39314,36.107681,128.337386,정상,054-474-2119,유선,True,영업중,2000-01-13,5,5,1,1,1,5,5080000,2021-05-11 15:25:22
158,PHMB520205080035042500009,아리랑컴퍼니,경상북도,구미시,경상북도 구미시 신시로14길 134-1 (송정동),경상북도 구미시 송정동 497번지 60호,39278,36.114417,128.35295,정상,054-456-3881,유선,True,영업중,2020-06-24,5,3,0,1,1,5,5080000,2022-12-21 14:38:57
159,PHMB519865080035042500002,엔가드,경상북도,구미시,"경상북도 구미시 금오시장로 13, 2층 201호 (원평동, 금오시장)",경상북도 구미시 원평동 1028번지 2호,39227,36.12623,128.340699,정상,054-452-6776,유선,True,영업중,1986-05-27,5,5,1,1,1,5,5080000,2018-02-28 17:11:32
160,PHMB520165080035042500001,영민,경상북도,구미시,경상북도 구미시 금오산로 55 (원평동),,39224,36.127379,128.337485,정상,,없음,False,영업중,2016-02-12,5,3,0,1,1,5,5080000,2017-05-29 09:39:45
161,PHMB520205080035042500012,예방역,경상북도,구미시,"경상북도 구미시 송원동로 38, 102호 (송정동)",경상북도 구미시 송정동 63,39276,36.120181,128.349461,정상,,없음,False,영업중,2020-08-06,5,3,0,1,1,5,5080000,2021-05-10 11:46:44
162,PHMB520115080035042500001,오레(우리생활환경),경상북도,구미시,경상북도 구미시 여헌로14길 13-3 (인의동),경상북도 구미시 인의동 413번지 1호,,36.10865,128.426858,정상,,없음,False,영업중,2011-08-24,5,5,1,1,1,5,5080000,2016-02-15 14:02:30
163,PHMB520095080035042500006,우진기업,경상북도,구미시,"경상북도 구미시 원남로3길 28-1, 지하1층 (남통동)",경상북도 구미시 남통동 1번지 18호,39301,36.129635,128.325836,정상,054-458-3700,유선,True,영업중,2009-10-23,5,5,1,1,1,5,5080000,2021-05-11 14:16:06
164,PHMB520105080035042500001,웰빙크린텍,경상북도,구미시,"경상북도 구미시 1공단로 182, 506호 (공단동, 금오빌딩)",,39375,36.101678,128.38301,정상,054-461-7738,유선,True,영업중,2010-01-07,5,5,1,1,1,5,5080000,2021-05-11 13:39:20
165,PHMB520155080035042500001,은오＆로취,경상북도,구미시,"경상북도 구미시 임은길 40, 3층 301호 (임은동)",경상북도 구미시 임은동 317-15,39352,36.088237,128.367189,정상,,없음,False,영업중,2015-01-05,5,5,1,1,1,5,5080000,2021-05-11 11:13:44
166,PHMB520135080035042500001,제로시스템,경상북도,구미시,"경상북도 구미시 봉곡로 80-1, 3층 (봉곡동)",,39210,36.145769,128.310448,정상,054-464-0388,유선,True,영업중,2013-01-16,5,5,1,1,1,5,5080000,2022-11-29 11:30:00
167,PHMB520205080035042500003,제이엔피,경상북도,구미시,"경상북도 구미시 1공단로7길 86-1, 3층 303호, 305호 (공단동)",경상북도 구미시 공단동 203,39367,36.109936,128.377676,정상,054-715-1946,유선,True,영업중,2020-03-04,5,3,0,1,1,5,5080000,2021-05-10 14:05:46
168,PHMB520245080035042500003,제이원방역,경상북도,구미시,"경상북도 구미시 도봉로5안길 7-3, 1층 101호 (도량동)",경상북도 구미시 도량동 322-22,39200,36.141008,128.320744,정상,,없음,False,영업중,2024-02-16,5,3,0,1,1,5,5080000,2024-02-16 17:56:40
169,PHMB520215080035042500007,주식회사 그린에코,경상북도,구미시,"경상북도 구미시 검성로 204-1, 1층 (황상동)",경상북도 구미시 황상동 63-2,39427,36.114426,128.437133,정상,,없음,False,영업중,2021-10-01,10,3,0,2,2,5,5080000,2021-10-01 17:41:49
170,PHMB520205080036042500001,주식회사 대성산업개발,경상북도,구미시,경상북도 구미시 장천면 장천상림3길 89,,39163,36.147991,128.511877,정상,054-474-3453,유선,True,영업중,2020-02-28,5,3,0,1,1,5,5080000,2020-02-28 10:22:19
171,PHMB520235080036042500001,주식회사 더 클린케어,경상북도,구미시,경상북도 구미시 산동읍 강동로 836-21,경상북도 구미시 산동읍 인덕리 594 진성시스템,39160,36.166612,128.455605,정상,,없음,False,영업중,2023-03-16,5,3,0,1,2,5,5080000,2023-03-16 11:25:23
172,PHMB520215080035042500008,주식회사 더케어,경상북도,구미시,"경상북도 구미시 수출대로21길 4, 801동 1층 106호 (황상동, 신화오페라하우스)",경상북도 구미시 황상동 350 신화오페라하우스,39426,36.110912,128.421693,정상,054-460-2164,유선,True,영업중,2021-11-08,5,3,0,1,1,5,5080000,2021-11-08 15:56:25
173,PHMB520125080035042500001,주식회사 반들,경상북도,구미시,"경상북도 구미시 1공단로 197-3, 파라디아아파트 501동 3층 301호 (공단동)",경상북도 구미시 공단동 251 파라디아아파트,39371,36.10274,128.383977,정상,,없음,False,영업중,2012-08-09,5,3,0,1,1,5,5080000,2022-11-30 14:30:23
174,PHMB520205080035042500001,주식회사 상도종합관리,경상북도,구미시,"경상북도 구미시 인동38길 5-10, 4층 (구평동)",경상북도 구미시 구평동 448-7,39449,36.09328,128.433803,정상,,없음,False,영업중,2020-01-29,5,5,0,1,2,5,5080000,2022-11-30 11:22:36
175,PHMB520235080035042500002,주식회사 이룸산업,경상북도,구미시,"경상북도 구미시 박정희로 45-4, 101호 (상모동)",,39343,36.083287,128.351271,정상,,없음,False,영업중,2023-04-10,5,3,0,1,1,5,5080000,2023-04-12 17:35:14
176,PHMB520205080036042500003,청년클린,경상북도,구미시,"경상북도 구미시 구미중앙로42길 5-66, 4층 (송정동)",경상북도 구미시 송정동 447-2,39271,36.119539,128.35319,정상,,없음,False,영업중,2020-09-28,5,3,0,1,1,5,5080000,2022-12-08 14:42:16
177,PHMB520155080035042500002,청정종합크린,경상북도,구미시,경상북도 구미시 진평2길 33-5 (진평동),경상북도 구미시 진평동 563번지 1호,39397,36.102607,128.421095,정상,054-600-2300,유선,True,영업중,2015-05-26,5,5,0,2,1,5,5080000,2016-02-15 13:54:31
178,PHMB520075080035042500002,케스원,경상북도,구미시,"경상북도 구미시 3공단1로 302-7, 구미공구상가 6동 314호 (임수동)",경상북도 구미시 임수동 92-9 구미공구상가,39391,36.109552,128.402991,정상,054-471-2313,유선,True,영업중,2007-03-27,10,5,1,5,1,5,5080000,2026-01-14 10:27:12
179,PHMB520245080036042500001,타임원,경상북도,구미시,"경상북도 구미시 고아읍 선산대로 608, 삼우힐타운 1층 104호",,39152,36.183661,128.350398,정상,054-455-6929,유선,True,영업중,2024-03-08,12,3,0,2,1,5,5080000,2024-03-12 15:40:44
180,PHMB520235080035042500001,퍼펙트클린,경상북도,구미시,경상북도 구미시 지주중류1길 6-17(오태동),경상북도 구미시 오태동 104-3,39354,36.078589,128.375181,정상,,없음,False,영업중,2023-01-09,5,3,0,1,1,5,5080000,2023-01-10 15:03:42
181,PHMB520245080035042500001,페스트킬,경상북도,구미시,"경상북도 구미시 3공단1로 302-7, 구미공구상가 5동 2층 222호 (임수동)",경상북도 구미시 임수동 92-9 구미공구상가,39391,36.109552,128.402991,정상,,없음,False,영업중,2024-01-25,5,3,0,2,1,5,5080000,2024-01-26 08:50:46
182,PHMB520175080035042500001,피에스엠,경상북도,구미시,"경상북도 구미시 1공단로 186-17, 405호 (공단동)",경상북도 구미시 공단동 264번지 16호,39375,36.101299,128.383869,정상,054-464-2323,유선,True,영업중,2017-03-14,7,5,0,1,1,5,5080000,2023-01-27 14:15:44
183,PHMB520235080035042500006,하나방역 경북남부지사,경상북도,구미시,"경상북도 구미시 3공단1로 302-7, 구미공구상가 지원동 304호 (임수동)",경상북도 구미시 임수동 92-9 구미공구상가,39391,36.109552,128.402991,정상,,없음,False,영업중,2023-08-31,5,3,0,1,1,5,5080000,2026-03-20 16:41:00
184,PHMB520225080036042500001,한국방역,경상북도,구미시,"경상북도 구미시 선산읍 선산중앙로7길 22, 2층",,39124,36.240075,128.293804,정상,054-482-9990,유선,True,영업중,2022-12-20,6,3,0,1,1,5,5080000,2022-12-20 18:17:24
185,PHMB520225080035042500002,한솔메디텍 주식회사,경상북도,구미시,"경상북도 구미시 1공단로2길 41, 2층 (공단동)",경상북도 구미시 공단동 282-64 보일테크(주)공장,39348,36.098526,128.363965,정상,,없음,False,영업중,2022-02-24,5,4,0,2,1,5,5080000,2022-08-10 19:41:24
186,PHMB520255080035042500001,해박사,경상북도,구미시,"경상북도 구미시 형곡로 80, 3층 302호 (형곡동)",경상북도 구미시 형곡동 140-1,39292,36.113984,128.332105,정상,,없음,False,영업중,2025-02-14,2,3,0,1,1,2,5080000,2025-11-11 15:45:32
187,PHMB520035080035042500002,호수방역공사,경상북도,구미시,경상북도 구미시 원남로3길 26 (원평동),경상북도 구미시 원평동 77번지 52호,,36.129528,128.326035,정상,054-457-0625,유선,True,영업중,2003-02-18,5,5,1,1,1,5,5080000,2021-05-11 15:21:42
188,PHMB520045080035042500001,화진산업(주),경상북도,구미시,"경상북도 구미시 송원동로 72 (원평동,2층1호)",경상북도 구미시 원평동 1073번지 1호 2층1호,39233,36.122714,128.352273,정상,054-456-1722,유선,True,영업중,2004-12-15,5,5,1,1,1,5,5080000,2021-05-11 15:15:51
189,PHMB520145060023042500002,(주)그린종합시스템,경상북도,김천시,경상북도 김천시 황금시장6길 27 (황금동),,39593,36.116025,128.125299,정상,,없음,False,영업중,2014-12-04,5,5,1,1,1,5,5060000,2017-02-21 09:35:17
190,PHMB520235060023042500001,(주)나우종합관리,경상북도,김천시,"경상북도 김천시 부곡맛고을3길 56, 2층 (부곡동)",경상북도 김천시 부곡동 1470,39629,36.12524,128.093936,정상,,없음,False,영업중,2023-02-15,5,3,0,2,2,5,5060000,2023-02-16 13:16:12
191,PHMB520165060023042500003,(주)대선,경상북도,김천시,"경상북도 김천시 시민로 8, 세원빌딩 301호 (부곡동)",경상북도 김천시 부곡동 402-4,39605,36.125003,128.103988,정상,,없음,False,영업중,2016-07-13,5,3,0,1,1,5,5060000,2025-02-28 09:48:29
192,PHMB520265060023042500004,(주)동우솔루션,경상북도,김천시,"경상북도 김천시 어모면 산업단지4로 113-14, 금조뜨레지움 1-2층 101,202호",경상북도 김천시 어모면 남산리 2005,39536,36.164951,128.130372,정상,,없음,False,영업중,2026-06-19,5,3,0,1,1,5,5060000,2026-06-23 15:59:48
193,PHMB520235060023042500002,(주)디오조경,경상북도,김천시,"경상북도 김천시 교동택지2길 83, 2층 (교동)",경상북도 김천시 교동 1007,39520,36.141398,128.098468,정상,054-911-9003,유선,True,영업중,2023-02-28,5,3,0,1,1,5,5060000,2023-03-02 09:32:24
194,PHMB520135060023042500001,(주)성동,경상북도,김천시,경상북도 김천시 황산2길 1-2 (지좌동),,39652,36.116908,128.133932,정상,,없음,False,영업중,2013-04-01,5,5,1,1,1,5,5060000,2017-04-14 11:05:50
195,PHMB520245060023042500004,(주)세종나무종합병원,경상북도,김천시,"경상북도 김천시 혁신1로 75, 파크드림씨티 써밋 애비뉴동 제2층 201호 (율곡동)",경상북도 김천시 율곡동 798 파크드림씨티 써밋,39660,36.115499,128.179196,정상,054-910-4949,유선,True,영업중,2024-11-21,5,3,0,1,1,5,5060000,2025-02-27 17:51:28
196,PHMB520225060023042500002,(주)제이케이소프트,경상북도,김천시,"경상북도 김천시 물망골길 75, 김천삼락엘에이치아파트 101호 (삼락동)",경상북도 김천시 삼락동 1296 김천삼락엘에이치아파트,39521,36.144584,128.097551,정상,,없음,False,영업중,2022-01-14,5,3,0,1,1,5,5060000,2022-01-14 13:59:04
197,PHMB520215060023042500002,(주)티엔서비스,경상북도,김천시,"경상북도 김천시 혁신1로 50, 율곡스퀘어 KTX 2층 231호 (율곡동)",,39660,36.11443,128.181667,정상,,없음,False,영업중,2021-04-26,5,3,0,1,1,5,5060000,2025-07-28 09:05:16
198,PHMB520215060023042500005,(주)행복공간,경상북도,김천시,경상북도 김천시 모암사랑11길 34(모암동),경상북도 김천시 모암동 175-1,39582,36.127407,128.123268,정상,,없음,False,영업중,2021-09-10,5,3,0,1,1,5,5060000,2021-09-13 09:03:16
199,PHMB520215060023042500003,(주)혜성산업,경상북도,김천시,"경상북도 김천시 평화9길 9, 4층 (평화동)",경상북도 김천시 평화동 245-184,39607,36.124998,128.109467,정상,,없음,False,영업중,2021-07-08,5,3,0,1,1,5,5060000,2023-01-31 14:50:51
200,PHMB520255060023042500004,공간엔케어,경상북도,김천시,"경상북도 김천시 문지왈2길 13, 1층 (부곡동)",경상북도 김천시 부곡동 1059-5,39633,36.122954,128.089816,정상,054-910-7878,유선,True,영업중,2025-09-24,5,3,0,1,1,5,5060000,2025-09-25 10:35:06
201,PHMB519985060023042500001,국제환경,경상북도,김천시,경상북도 김천시 백옥길 29 (백옥동),경상북도 김천시 백옥동 232번지 1호,39639,36.124433,128.079911,정상,,없음,False,영업중,1998-11-23,5,5,1,1,1,5,5060000,2011-11-14 13:25:34
202,PHMB520165060023042500002,그린기업,경상북도,김천시,"경상북도 김천시 가메실2길 36, 201호 (부곡동, 금류아파트)",,39626,36.121765,128.100319,정상,054-436-9300,유선,True,영업중,2016-04-27,5,3,0,1,1,5,5060000,2025-07-28 09:06:09
203,PHMB520265060023042500005,김천시시니어클럽시니어클린,경상북도,김천시,경상북도 김천시 문지왈1길 11 (부곡동),경상북도 김천시 부곡동 792,39633,36.123439,128.089833,정상,,없음,False,영업중,2026-06-19,5,3,0,1,1,5,5060000,2026-06-24 09:01:00
204,PHMB520215060023042500001,김천안전실업,경상북도,김천시,"경상북도 김천시 자산로 109, 3층 (성내동)",,39590,36.120674,128.119933,정상,,없음,False,영업중,2021-02-07,5,3,0,1,1,5,5060000,2021-02-07 17:39:33
205,PHMB520085060023042500002,김천크리닉,경상북도,김천시,경상북도 김천시 시청로 166 (신음동),경상북도 김천시 신음동 521-3,39544,36.142844,128.119163,정상,,없음,False,영업중,2008-08-26,5,5,1,1,1,5,5060000,2024-12-06 16:49:43
206,PHMB520225060023042500006,늘푸른협동조합,경상북도,김천시,경상북도 김천시 황금시장6길 27(황금동),경상북도 김천시 황금동 32-9,39593,36.116025,128.125299,정상,,없음,False,영업중,2022-12-23,5,3,0,1,1,5,5060000,2022-12-23 10:33:42
207,PHMB520205060023042500008,대한 E.N.G,경상북도,김천시,경상북도 김천시 황산로 31 (지좌동),,39650,36.117408,128.134482,정상,,없음,False,영업중,2020-10-21,5,3,0,1,1,5,5060000,2020-10-28 14:43:26
208,PHMB520205060023042500001,대한방역공사,경상북도,김천시,경상북도 김천시 신기길 99(신음동),경상북도 김천시 신음동 801-9,39546,36.137516,128.115342,정상,,없음,False,영업중,2020-02-17,5,3,0,1,1,5,5060000,2022-12-30 08:59:00
209,PHMB520115060023042500002,데오월드,경상북도,김천시,경상북도 김천시 농공단지1길 13-12 (신음동),경상북도 김천시 신음동 79번지 6호,39556,36.130243,128.134269,정상,,없음,False,영업중,2011-04-29,5,5,1,1,1,5,5060000,2014-06-10 13:32:04
210,PHMB520105060023042500001,디엠환경,경상북도,김천시,경상북도 김천시 용머리3길 11 (용두동),경상북도 김천시 용두동 194번지 2호,39591,36.118889,128.12828,정상,054-434-3405,유선,True,영업중,2010-08-12,5,5,1,1,1,5,5060000,2025-03-24 16:54:26
211,PHMB520265060023042500002,바이오 케어,경상북도,김천시,"경상북도 김천시 중앙공원4길 33, 2층 201호 (남산동)",경상북도 김천시 남산동 11-3,39596,36.119078,128.120349,정상,,없음,False,영업중,2025-01-16,5,3,0,1,1,5,5060000,2026-02-13 13:29:34
212,PHMB520185060023042500001,새희망종합관리,경상북도,김천시,경상북도 김천시 가메실길 7 (부곡동),경상북도 김천시 부곡동 429번지 18호,39626,36.123399,128.102162,정상,,없음,False,영업중,2018-08-30,5,3,0,1,2,5,5060000,2020-06-19 10:16:00
213,PHMB520255060023042500003,세주,경상북도,김천시,"경상북도 김천시 혁신6로 24, 드림피아 2 201호 (율곡동)",경상북도 김천시 율곡동 282 드림피아 2,39660,36.123858,128.183805,정상,054-437-0701,유선,True,영업중,2025-06-04,5,3,0,1,1,5,5060000,2025-08-21 10:55:06
214,PHMB520205060023042500005,에코그린,경상북도,김천시,경상북도 김천시 용머리2길 6 (용두동),경상북도 김천시 용두동 141번지 2호,39591,36.119187,128.12882,정상,,없음,False,영업중,2020-05-04,5,3,0,1,1,5,5060000,2020-05-07 09:27:54
215,PHMB520145060023042500001,용진실업,경상북도,김천시,경상북도 김천시 남산공원길 63 (남산동),,39596,36.117728,128.118958,정상,054-436-4789,유선,True,영업중,2014-02-25,5,5,1,1,1,5,5060000,2014-06-12 09:29:55
216,PHMB520075060023042500001,유탑CNC,경상북도,김천시,경상북도 김천시 구성면 하강길 471,경상북도 김천시 성내동 181번지 7호,39687,36.120681,128.120708,정상,,없음,False,영업중,2006-03-27,5,5,1,1,3,5,5060000,2013-04-01 13:48:49
217,PHMB520065060023042500001,이레종합환경,경상북도,김천시,"경상북도 김천시 영남대로 1564, 3층 (평화동)",경상북도 김천시 평화동 106-56,39572,36.13067,128.106496,정상,,없음,False,영업중,2006-10-31,5,5,1,1,1,5,5060000,2020-08-14 14:09:41
218,PHMB520205060023042500007,자산개발,경상북도,김천시,경상북도 김천시 충효길 51 (성내동),,39586,36.122998,128.120885,정상,,없음,False,영업중,2020-09-09,5,3,0,1,1,5,5060000,2022-10-12 11:33:44
219,PHMB520035060023042500002,제로시스템,경상북도,김천시,경상북도 김천시 어모면 산업단지1로 18-15,경상북도 김천시 어모면 남산리 1906번지,39536,36.156139,128.117513,정상,054-345-7786,유선,True,영업중,2003-04-23,5,5,1,1,1,5,5060000,2013-06-19 11:14:10
220,PHMB520255060023042500002,주식회사 에이치엠씨경북,경상북도,김천시,"경상북도 김천시 문화5길 10, 201호 (평화동)",경상북도 김천시 평화동 452-10,39598,36.126624,128.109903,정상,054-910-2720,유선,True,영업중,2025-05-19,2,3,0,1,1,2,5060000,2025-05-20 09:57:56
221,PHMB520205060023042500009,청솔,경상북도,김천시,경상북도 김천시 어모면 산업단지1로 24,,39536,36.156407,128.117707,정상,,없음,False,영업중,2020-12-02,5,3,0,1,1,5,5060000,2020-12-06 13:26:26
222,PHMB520265060023042500003,청수방역,경상북도,김천시,"경상북도 김천시 물망골길 30, 1층 (삼락동)",,39518,36.143562,128.095392,정상,,없음,False,영업중,2026-04-13,2,3,0,1,1,2,5060000,2026-04-14 09:02:49
223,PHMB520265060023042500006,크로바클린용역,경상북도,김천시,"경상북도 김천시 자산로 103, 2층 (성내동)",경상북도 김천시 성내동 201-12,39590,36.120421,128.120572,정상,,없음,False,영업중,2026-08-24,10,3,0,1,1,5,5060000,2026-08-26 17:50:22
224,PHMB520245060023042500003,클레온방역,경상북도,김천시,경상북도 김천시 김천로 207 (황금동),경상북도 김천시 황금동 5-10,39596,36.118605,128.123244,정상,,없음,False,영업중,2024-06-05,10,3,0,1,2,5,5060000,2026-02-25 15:01:25
225,PHMB520225060023042500003,클린세이프,경상북도,김천시,"경상북도 김천시 남산공원길 67, 대영아트빌 1층 (남산동)",경상북도 김천시 남산동 9-12 대영아트빌,39596,36.117755,128.119143,정상,,없음,False,영업중,2022-10-06,5,4,0,3,1,5,5060000,2022-10-06 13:07:23
226,PHMB520265060023042500001,푸른환경관리,경상북도,김천시,"경상북도 김천시 줄버드나무길 31, 1층 (황금동)",경상북도 김천시 황금동 56,39595,36.117489,128.123141,정상,,없음,False,영업중,2026-02-02,5,3,0,1,1,5,5060000,2026-02-03 14:14:02
227,PHMB520125120021042500001,(주)대평개발,경상북도,문경시,경상북도 문경시 문경읍 문희로 26,경상북도 문경시 문경읍 하리 212-1,36917,36.734585,128.108809,정상,,없음,False,영업중,2012-02-14,5,5,1,1,1,5,5120000,2026-03-23 10:22:24
228,PHMB520185120021042500002,(주)동진엠엔에스,경상북도,문경시,경상북도 문경시 여고동산길 3 (점촌동),경상북도 문경시 점촌동 471번지 105호,36954,36.59485,128.196062,정상,,없음,False,영업중,2018-06-20,5,3,0,1,1,5,5120000,2025-02-13 16:49:00
229,PHMB520245120232042500003,(주)스마일,경상북도,문경시,경상북도 문경시 진곡길 128 (공평동),경상북도 문경시 공평동 608-1,36991,36.605374,128.170196,정상,,없음,False,영업중,2024-02-26,5,3,0,1,1,5,5120000,2026-05-29 17:32:34
230,PHMB520075120021042500001,(주)우리 씨앤씨,경상북도,문경시,경상북도 문경시 남부4길 6 (모전동),경상북도 문경시 모전동 76번지 16호,36950,36.586264,128.193993,정상,,없음,False,영업중,2007-04-05,5,5,1,1,5,5,5120000,2022-04-25 15:34:31
231,PHMB520245120232042500007,(주)하나엔텍,경상북도,문경시,경상북도 문경시 영순면 영순공단길 6,경상북도 문경시 영순면 율곡리 1091,36943,36.559172,128.234885,정상,054-553-6007,유선,True,영업중,2024-05-21,5,3,0,1,1,5,5120000,2024-11-13 09:38:02
232,PHMB520095120021042500002,(주)행복한일터,경상북도,문경시,경상북도 문경시 호서로 196 (흥덕동),경상북도 문경시 흥덕동 559번지 2호,36960,36.61102,128.205438,정상,,없음,False,영업중,2009-06-02,5,5,1,1,4,5,5120000,2015-07-21 15:32:17
233,PHMB520025120021042500001,그린써비스,경상북도,문경시,경상북도 문경시 모전6길 3 (모전동),경상북도 문경시 모전동 634번지 3호,36976,36.591122,128.184301,정상,054-552-6366,유선,True,영업중,2002-01-08,5,5,1,1,1,5,5120000,2023-05-22 10:35:26
234,PHMB519905120021042500001,대실산업,경상북도,문경시,경상북도 문경시 점촌1길 47 (점촌동),경상북도 문경시 점촌동 47번지,36969,36.593353,128.202977,정상,,없음,False,영업중,1990-02-20,5,5,1,1,1,5,5120000,2024-11-29 17:32:49
235,PHMB520245120232042500001,대한크린개발,경상북도,문경시,경상북도 문경시 우지공평로 25 (우지동),경상북도 문경시 우지동 14-2,36959,36.615816,128.204072,정상,,없음,False,영업중,2024-01-12,5,3,0,1,1,5,5120000,2024-01-12 16:14:23
236,PHMB520265120232042500001,문경에어케어·엠클린·엠피팅,경상북도,문경시,경상북도 문경시 당교3길 74-1 (모전동),경상북도 문경시 모전동 888-6,36985,36.584182,128.18378,정상,,없음,False,영업중,2026-07-16,5,3,0,1,2,5,5120000,2026-07-31 13:02:09
237,PHMB520225120232042500001,문경클린,경상북도,문경시,"경상북도 문경시 신흥로 163, 중앙관광 (점촌동)",,36970,36.595641,128.20228,정상,054-554-8979,유선,True,영업중,2022-01-21,5,3,0,1,1,5,5120000,2024-12-10 14:54:46
238,PHMB520255120232042500001,삼은용역,경상북도,문경시,"경상북도 문경시 신흥3길 17, 1층 (흥덕동)",경상북도 문경시 흥덕동 795-8,36967,36.600336,128.20466,정상,,없음,False,영업중,2025-05-26,5,3,0,1,1,5,5120000,2025-05-26 14:53:06
239,PHMB520245120232042500006,씨엔지용역,경상북도,문경시,경상북도 문경시 중앙로 72-1 (점촌동),경상북도 문경시 점촌동 179-3,36949,36.592082,128.196914,정상,,없음,False,영업중,2024-04-09,5,3,0,1,2,5,5120000,2024-04-11 10:22:20
240,PHMB520235120232042500004,예스클린,경상북도,문경시,경상북도 문경시 신흥2길 7 (흥덕동),경상북도 문경시 흥덕동 801-8,36967,36.598746,128.20547,정상,,없음,False,영업중,2023-12-27,5,3,0,1,2,5,5120000,2023-12-27 14:46:29
241,PHMB520115120021042500003,제로시스템,경상북도,문경시,경상북도 문경시 시청3길 10 (모전동),경상북도 문경시 모전동 264번지 1호 현대아파트 상가 2층 203,36980,36.58885,128.188395,정상,,없음,False,영업중,2011-10-06,5,5,1,1,2,5,5120000,2022-06-22 07:26:17
242,PHMB520235120232042500002,주식회사 네오에스피,경상북도,문경시,경상북도 문경시 신흥로 216 (흥덕동),경상북도 문경시 흥덕동 802-1,36967,36.599599,128.205391,정상,,없음,False,영업중,2023-12-12,40,5,0,6,1,5,5120000,2023-12-12 17:16:49
243,PHMB520245120232042500005,주식회사 다한다,경상북도,문경시,경상북도 문경시 신흥로 132 (점촌동),경상북도 문경시 점촌동 142-6,36947,36.593049,128.200794,정상,,없음,False,영업중,2024-03-18,5,3,0,1,1,5,5120000,2024-03-28 16:23:18
244,PHMB520235120232042500001,중앙방역.소독.청소.인력 공사,경상북도,문경시,"경상북도 문경시 신흥2길 1, 성운개발 (흥덕동)",경상북도 문경시 흥덕동 802-7 성운개발,36967,36.598981,128.204958,정상,054-556-2356,유선,True,영업중,2023-11-15,5,3,0,1,2,5,5120000,2023-11-16 10:39:19
245,PHMB520245120232042500002,청정문경케어,경상북도,문경시,경상북도 문경시 문경읍 주흘1길 20,경상북도 문경시 문경읍 하리 86-6,36917,36.736059,128.106805,정상,,없음,False,영업중,2024-02-15,5,3,0,1,1,5,5120000,2024-02-15 17:39:20
246,PHMB520225120232042500004,하나방역(경북 북부지사),경상북도,문경시,경상북도 문경시 신흥로 155(점촌동),,36970,36.595045,128.201743,정상,,없음,False,영업중,2022-08-22,5,3,0,1,5,5,5120000,2023-01-19 18:12:42
247,PHMB520205240011042500002,BF스포츠몰,경상북도,봉화군,경상북도 봉화군 봉화읍 내성로 105,,36238,36.891711,128.740125,정상,,없음,False,영업중,2020-08-04,5,3,0,1,1,5,5240000,2025-01-07 11:13:53
248,PHMB520075240011042500001,경북봉화방역,경상북도,봉화군,경상북도 봉화군 명호면 비나리길 150-55,경상북도 봉화군 명호면 풍호리 245,36255,36.841862,128.879388,정상,,없음,False,영업중,2007-05-14,5,5,1,1,1,5,5240000,2025-05-09 16:00:06
249,PHMB520225240011042500001,울타리종합환경,경상북도,봉화군,"경상북도 봉화군 봉화읍 신시장1길 4, 제2상설시장 가동 1층 106호",경상북도 봉화군 봉화읍 내성리 394-1 제2상설시장,36239,36.889933,128.735764,정상,,없음,False,영업중,2022-12-30,5,5,0,1,1,5,5240000,2023-01-15 09:05:58
250,PHMB520205240011042500001,주식회사 삼봉나르샤,경상북도,봉화군,경상북도 봉화군 봉화읍 내성로4길 35,경상북도 봉화군 봉화읍 내성리 273-5,36238,36.89096,128.7408,정상,054-672-4185,유선,True,영업중,2020-07-02,5,3,0,1,1,5,5240000,2020-07-10 18:37:14
251,PHMB520245240011042500001,파인케어서비스,경상북도,봉화군,경상북도 봉화군 봉화읍 봉래길 5-1,경상북도 봉화군 봉화읍 내성리 133,36238,36.878197,128.741717,정상,,없음,False,영업중,2024-06-07,5,3,0,1,1,5,5240000,2025-03-27 11:14:06
252,PHMB519935110034042500001,(주)제일기업,경상북도,상주시,경상북도 상주시 삼백로 60-9 (무양동),경상북도 상주시 무양동 287번지 11호,37183,36.417688,128.150319,정상,054-534-1632,유선,True,영업중,1993-05-11,5,5,1,1,1,5,5110000,2023-02-17 17:26:55
253,PHMB520045110034042500003,OK가가,경상북도,상주시,경상북도 상주시 왕산로 208 (성하동),,37194,36.414854,128.162986,정상,054-531-2714,유선,True,영업중,2004-10-12,5,5,1,1,1,5,5110000,2023-02-17 17:23:07
254,PHMB520135110034042500002,금화조경건설주식회사,경상북도,상주시,경상북도 상주시 경상대로 3175 (만산동),경상북도 상주시 만산동 617번지,37161,36.430417,128.15214,정상,054-533-0783,유선,True,영업중,2013-02-04,5,5,1,1,1,5,5110000,2023-02-17 17:15:15
255,PHMB520195110034042500001,꿈마을보호작업장,경상북도,상주시,경상북도 상주시 내서면 신촌3길 77,,37150,36.407619,128.067249,정상,054-533-5545,유선,True,영업중,2019-02-12,5,3,0,1,1,5,5110000,2023-11-21 15:41:32
256,PHMB520245110034042500001,늘푸른,경상북도,상주시,"경상북도 상주시 청리면 청리중앙로 167, 3층",경상북도 상주시 청리면 원장리 829-5,37255,36.340305,128.130233,정상,,없음,False,영업중,2024-08-08,5,3,0,1,1,5,5110000,2024-08-08 11:58:57
257,PHMB520135110034042500001,대림방역,경상북도,상주시,경상북도 상주시 삼백로 304 (복룡동),경상북도 상주시 냉림동 43번지 1호 21통 4반 냉림지엘리더스파크 101동 1108호,37238,36.420928,128.165238,정상,054-531-2679,유선,True,영업중,2013-01-24,5,5,1,1,1,5,5110000,2023-02-17 17:16:26
258,PHMB520155110034042500001,동방용역,경상북도,상주시,경상북도 상주시 식산로 165(서곡동),경상북도 상주시 서곡동 41-3,37243,36.410683,128.1825,정상,054-535-0091,유선,True,영업중,2015-05-11,5,3,0,1,1,5,5110000,2021-11-05 17:34:24
259,PHMB519995110034042500001,삼백환경개발,경상북도,상주시,경상북도 상주시 경상대로 2909 (낙양동),경상북도 상주시 낙양동 152번지 7호,37202,36.407008,128.149603,정상,054-535-8556,유선,True,영업중,1999-01-11,5,5,1,1,1,5,5110000,2023-02-17 17:25:38
260,PHMB520155110034042500002,상산인력.환경,경상북도,상주시,경상북도 상주시 상산로 353 (냉림동),,37169,36.422598,128.158771,정상,054-534-3252,유선,True,영업중,2015-06-15,5,3,1,1,1,5,5110000,2019-07-31 15:10:49
261,PHMB520265110034042500002,쓸GO닦GO,경상북도,상주시,"경상북도 상주시 성동2길 18, 1층 (성동동)",경상북도 상주시 성동동 233-19,37193,36.413983,128.165884,정상,,없음,False,영업중,2026-07-03,6,3,0,2,3,5,5110000,2026-07-07 13:29:25
262,PHMB520185110034042500001,에코클린 시스템,경상북도,상주시,경상북도 상주시 상산새싹길 5 (서성동),,37179,36.419059,128.16088,정상,,없음,False,영업중,2018-02-21,5,3,0,1,2,5,5110000,2019-01-21 11:05:09
263,PHMB520115110034042500003,제로시스템,경상북도,상주시,경상북도 상주시 구두실길 25(서곡동),경상북도 상주시 서곡동 129,37243,36.400039,128.176606,정상,054-533-9919,유선,True,영업중,2011-09-27,5,3,1,3,1,5,5110000,2021-10-27 16:52:19
264,PHMB520125110034042500003,주식회사 대운,경상북도,상주시,경상북도 상주시 삼백로 58-19 (무양동),경상북도 상주시 무양동 287번지 11호,37183,36.417688,128.150319,정상,054-534-1635,유선,True,영업중,2012-09-06,5,5,1,1,1,5,5110000,2023-02-17 17:18:54
265,PHMB520205110034042500002,주식회사 신나는 빗자루,경상북도,상주시,경상북도 상주시 남문2길 88 (성동동),경상북도 상주시 성동동 228-2,37193,36.414084,128.164737,정상,,없음,False,영업중,2020-08-05,5,6,0,2,10,5,5110000,2023-02-17 17:00:02
266,PHMB520175110034042500001,주식회사 태웅에이치엠,경상북도,상주시,경상북도 상주시 왕산로 42-16 (신봉동),,37220,36.407167,128.161674,정상,054-531-3400,유선,True,영업중,2017-02-07,5,3,0,1,1,5,5110000,2019-01-21 13:28:12
267,PHMB520125110034042500002,타워건설주식회사,경상북도,상주시,경상북도 상주시 아리랑고개1길 61-2 (계산동),경상북도 상주시 계산동 174번지 3호,37155,36.42965,128.170592,정상,054-534-2266,유선,True,영업중,2012-02-21,5,5,1,1,1,5,5110000,2023-02-17 17:20:35
268,PHMB520205110034042500003,현대개발,경상북도,상주시,"경상북도 상주시 남성로 86-9, 1층 (남성동)",경상북도 상주시 남성동 4-151,37195,36.415508,128.161396,정상,054-536-5558,유선,True,영업중,2020-08-11,5,93,0,1,2,5,5110000,2020-08-11 18:29:35
269,PHMB520265110034042500001,화우테크,경상북도,상주시,"경상북도 상주시 문무3길 42, 1층 (서문동)",경상북도 상주시 서문동 64-10,37185,36.417644,128.155053,정상,,없음,False,영업중,2026-04-06,5,3,0,2,2,5,5110000,2026-04-08 13:54:16
270,PHMB520235210013042500001,(주)이씨에스,경상북도,성주군,경상북도 성주군 성주읍 성주순환로2길 74,,40021,35.924117,128.285633,정상,,없음,False,영업중,2023-03-31,5,3,0,1,2,5,5210000,2024-03-26 10:35:57
271,PHMB520265210013042500001,씨씨에이치,경상북도,성주군,경상북도 성주군 성주읍 성주읍1길 19-5,경상북도 성주군 성주읍 경산리 771-5,40029,35.919839,128.28957,정상,,없음,False,영업중,2026-01-06,5,3,0,3,1,5,5210000,2026-01-07 18:22:11
272,PHMB520155210013042500002,예준산업,경상북도,성주군,경상북도 성주군 용암면 동락길 183,경상북도 성주군 용암면 동락리 710-2,40052,35.840429,128.362287,정상,054-933-8713,유선,True,영업중,2015-08-27,5,5,1,1,1,5,5210000,2022-04-11 11:53:36
273,PHMB520105210013042500001,주식회사 상원,경상북도,성주군,경상북도 성주군 성주읍 성주순환로2길 63 (강남빌),경상북도 성주군 성주읍 예산리 성주백전예산지구 9블록 6로트,40021,35.924226,128.284482,정상,,없음,False,영업중,2010-01-15,5,5,1,1,1,5,5210000,2023-11-15 15:11:51
274,PHMB519995070014042500003,(주)경북안전,경상북도,안동시,"경상북도 안동시 용상북1길 6, 씨동 106호 (용상동)",경상북도 안동시 용상동 1427번지 1호 씨동 106호,36711,36.561898,128.748122,정상,054-853-3322,유선,True,영업중,1999-10-01,5,5,1,1,1,5,5070000,2016-11-08 17:30:08
275,PHMB520245070014042500003,(주)동하기업,경상북도,안동시,"경상북도 안동시 맑은샘3길 7, 9호 (천리동, 일신아파트)",,36706,36.562714,128.727868,정상,,없음,False,영업중,2024-03-07,5,6,0,2,1,5,5070000,2024-03-08 14:59:25
276,PHMB520125070014042500002,(주)삼보종합관리,경상북도,안동시,경상북도 안동시 불무골1길 70 (태화동),경상북도 안동시 태화동 634번지 209호,36657,36.564805,128.707001,정상,054-854-1449,유선,True,영업중,2012-02-21,5,5,1,1,1,5,5070000,2015-07-30 11:36:53
277,PHMB520135070014042500004,(주)세스코 경북북부지역단,경상북도,안동시,"경상북도 안동시 경동로 841, 2층 (용상동, CGV안동)",경상북도 안동시 용상동 1426번지 1호,36711,36.561134,128.749364,정상,054-8239-2124,유선,True,영업중,2013-07-30,25,9,1,6,1,5,5070000,2024-10-04 16:24:52
278,PHMB520115070014042500001,(주)안동산업,경상북도,안동시,경상북도 안동시 상지길 21 (신안동),경상북도 안동시 신안동 27번지 41호,36687,36.569894,128.73318,정상,054-859-6244,유선,True,영업중,2011-10-26,5,5,1,1,1,5,5070000,2015-07-30 09:35:08
279,PHMB520235070014042500007,(주)천국박스,경상북도,안동시,"경상북도 안동시 중앙시장4길 26-8, 1호,3호 (옥야동)","경상북도 안동시 옥야동 284-14 1호,3호",36698,36.564573,128.72344,정상,054-858-0607,유선,True,영업중,2023-09-04,5,3,0,1,1,5,5070000,2024-05-28 20:10:46
280,PHMB520215070014042500001,(주)청림종합관리,경상북도,안동시,"경상북도 안동시 용상북1길 6, 에이스아울렛 A동 102호 (용상동)",경상북도 안동시 용상동 1427-7 에이스아울렛,36711,36.561463,128.748669,정상,,없음,False,영업중,2021-01-08,5,3,0,1,1,5,5070000,2021-01-08 17:30:18
281,PHMB520205070014042500005,(주)태진산업,경상북도,안동시,"경상북도 안동시 풍산읍 괴정2길 100, 1동 1층",경상북도 안동시 풍산읍 괴정리 668-1,36619,36.603631,128.533642,정상,,없음,False,영업중,2020-11-03,5,3,0,1,1,5,5070000,2020-11-03 14:52:52
282,PHMB520265070014042500004,(주)태하종합관리,경상북도,안동시,경상북도 안동시 평화윗길 94 (평화동),경상북도 안동시 평화동 372-17,36647,36.570032,128.714934,정상,054-859-6244,유선,True,영업중,2026-09-02,12,3,5,3,1,12,5070000,2026-09-03 17:59:00
283,PHMB520175070014042500003,(주)태흥산업,경상북도,안동시,"경상북도 안동시 도투말길 60, 1층 (정상동)",경상북도 안동시 정상동 103번지,36753,36.544219,128.755692,정상,054-855-0366,유선,True,영업중,2017-05-04,5,3,0,1,1,5,5070000,2017-05-04 14:59:59
284,PHMB520245070014042500004,S-클린,경상북도,안동시,경상북도 안동시 풍산읍 장터중앙길 1,,36621,36.577363,128.576083,정상,,없음,False,영업중,2024-05-23,6,3,0,1,2,5,5070000,2024-09-30 17:53:53
285,PHMB520175070014042500004,SG환경,경상북도,안동시,"경상북도 안동시 전거리3길 79, 1층 101호 (용상동)",경상북도 안동시 용상동 1604번지 11호,36716,36.557739,128.746732,정상,,없음,False,영업중,2017-05-19,6,3,0,1,2,6,5070000,2017-05-19 17:03:30
286,PHMB520185070014042500002,경도방역공사,경상북도,안동시,"경상북도 안동시 경동로 651, 가락회관 1층 (남문동)",경상북도 안동시 남문동 194-9,36699,36.56336,128.729173,정상,,없음,False,영업중,2018-12-05,5,3,0,1,1,5,5070000,2024-03-07 10:17:54
287,PHMB520205070014042500002,경북 클린 엔젤스,경상북도,안동시,"경상북도 안동시 풍산읍 풍산태사로 1063, 1층",경상북도 안동시 풍산읍 하리리 254-7,36621,36.57753,128.574169,정상,,없음,False,영업중,2020-07-30,5,3,0,1,1,5,5070000,2020-07-31 14:09:08
288,PHMB520195070014042500003,경북안동지역자활센터,경상북도,안동시,"경상북도 안동시 옥동1길 29, 2층 (옥동)",경상북도 안동시 옥동 984번지 15호,36664,36.559087,128.700178,정상,,없음,False,영업중,2019-09-18,7,3,0,2,0,8,5070000,2021-06-30 10:14:33
289,PHMB520215070014042500007,나눔건축주식회사,경상북도,안동시,"경상북도 안동시 경북대로 679, 나동 (송현동)",경상북도 안동시 송현동 106-4,36632,36.589179,128.700525,정상,054-856-5211,유선,True,영업중,2021-04-14,5,3,0,1,1,5,5070000,2021-04-14 14:51:55
290,PHMB520255070014042500006,남반장,경상북도,안동시,경상북도 안동시 강남14길 65 (정상동),경상북도 안동시 정상동 759-10,36753,36.549678,128.737046,정상,054-805-8900,유선,True,영업중,2025-12-04,2,3,0,1,1,2,5070000,2026-01-05 17:15:13
291,PHMB520225070014042500004,녹색방역,경상북도,안동시,경상북도 안동시 서경지2길 6(태화동),경상북도 안동시 태화동 184-46,36676,36.561438,128.714252,정상,054-822-8002,유선,True,영업중,2022-09-01,5,3,0,1,1,5,5070000,2023-11-13 10:21:16
292,PHMB520255070014042500003,느루 환경,경상북도,안동시,"경상북도 안동시 금곡아랫길 32, 금곡용마아파트 2층 3호 (금곡동)",경상북도 안동시 금곡동 7-1 금곡용마아파트,36690,36.56912,128.721503,정상,,없음,False,영업중,2025-03-10,5,3,0,1,1,5,5070000,2025-03-11 09:25:10
293,PHMB520265070014042500001,대각산업(주),경상북도,안동시,"경상북도 안동시 대석3길 10, 2층 (대석동)",경상북도 안동시 대석동 133-3,36696,36.566177,128.725806,정상,,없음,False,영업중,2026-02-03,5,3,0,1,1,5,5070000,2026-02-09 20:25:20
294,PHMB520105070014042500001,동광기업,경상북도,안동시,경상북도 안동시 동흥2길 10 (운흥동),경상북도 안동시 운흥동 211번지,36705,36.564111,128.73503,정상,054-841-1331,유선,True,영업중,2010-03-22,5,5,1,1,1,5,5070000,2011-10-30 13:52:18
295,PHMB520195070014042500002,드론코리아아카데미,경상북도,안동시,"경상북도 안동시 하이마로 34, 1층 (송현동)",경상북도 안동시 송현동 664-17,36636,36.571994,128.679057,정상,054-822-8284,유선,True,영업중,2019-03-12,5,3,0,1,1,5,5070000,2021-12-31 18:14:24
296,PHMB520235070014042500005,모든방역,경상북도,안동시,"경상북도 안동시 중앙로 54, 602호 (동부동)",경상북도 안동시 동부동 114-1,36701,36.564903,128.732413,정상,,없음,False,영업중,2023-03-30,5,3,0,1,1,5,5070000,2023-03-30 16:55:48
297,PHMB520255070014042500004,모든솔루션,경상북도,안동시,"경상북도 안동시 풍천면 천년숲서로 43-16, 코아루프라임시티오피스텔2차 211호",경상북도 안동시 풍천면 갈전리 1631 코아루프라임시티오피스텔2차,36759,36.573368,128.501664,정상,,없음,False,영업중,2025-04-04,5,3,0,1,1,5,5070000,2025-04-07 09:44:11
298,PHMB520265070014042500002,방역의 신,경상북도,안동시,"경상북도 안동시 태화중앙로 94-1, 1층 (태화동)",경상북도 안동시 태화동 184-32,36676,36.560685,128.713663,정상,,없음,False,영업중,2026-04-22,5,3,0,1,1,5,5070000,2026-04-22 17:06:37
299,PHMB519995070014042500004,변방용역,경상북도,안동시,경상북도 안동시 석수1길 13 (안기동),경상북도 안동시 안기동 248번지,36626,36.579813,128.715944,정상,054-855-4771,유선,True,영업중,1999-10-01,5,5,1,1,1,5,5070000,2020-03-25 16:51:16
300,PHMB520175070014042500005,삼화건설(주),경상북도,안동시,경상북도 안동시 전거리3길 63-29 (용상동),,36716,36.558855,128.746492,정상,,없음,False,영업중,2017-05-26,5,3,0,1,1,5,5070000,2017-05-26 15:46:18
301,PHMB520235070014042500002,서울우유 안동급식고객센터,경상북도,안동시,"경상북도 안동시 강남로 47-1, B동 102호 (수상동)",경상북도 안동시 수상동 241-5,36744,36.549057,128.706623,정상,,없음,False,영업중,2023-02-15,5,3,0,1,1,5,5070000,2023-02-16 10:30:17
302,PHMB520235070014042500009,신녹색,경상북도,안동시,"경상북도 안동시 태화중앙로 92, 2층 (태화동)",경상북도 안동시 태화동 227-1,36676,36.560417,128.713549,정상,054-822-8001,유선,True,영업중,2023-12-15,5,3,0,1,1,5,5070000,2024-04-05 16:14:58
303,PHMB519995070014042500001,안동방역공사,경상북도,안동시,경상북도 안동시 문화광장길 12-1 (남부동),경상북도 안동시 남부동 244번지 1호,36700,36.56376,128.730366,정상,054-852-8982,유선,True,영업중,1999-10-01,5,5,1,1,1,5,5070000,2012-02-16 15:07:07
304,PHMB520235070014042500001,안동시니어클럽해피클린,경상북도,안동시,경상북도 안동시 맑은샘길 37(운흥동),경상북도 안동시 운흥동 278-38,36706,36.562032,128.727701,정상,,없음,False,영업중,2023-02-14,5,4,1,2,2,5,5070000,2023-02-14 18:11:03
305,PHMB520215070014042500008,안동주택관리,경상북도,안동시,"경상북도 안동시 태화중앙로 82, 1층 남쪽호 (태화동)",경상북도 안동시 태화동 227-7,36676,36.559582,128.713133,정상,,없음,False,영업중,2021-06-18,5,3,0,1,1,5,5070000,2022-01-21 17:56:26
306,PHMB520205070014042500001,에어셰프,경상북도,안동시,"경상북도 안동시 맑은샘5길 5, 2층 1호 (운흥동)",경상북도 안동시 운흥동 251번지 11호,36706,36.562444,128.728745,정상,,없음,False,영업중,2020-03-09,5,3,0,1,1,5,5070000,2020-03-10 12:55:36
307,PHMB520235070014042500003,에코키즈세이프,경상북도,안동시,"경상북도 안동시 태화중앙로 58, 1층 (태화동)",경상북도 안동시 태화동 482-6,36675,36.558548,128.711071,정상,,없음,False,영업중,2023-03-22,5,3,0,1,1,5,5070000,2023-03-22 18:26:49
308,PHMB520225070014042500001,와우방역,경상북도,안동시,"경상북도 안동시 합전1길 36, 2층 (송현동)",경상북도 안동시 송현동 263-1,36642,36.57151,128.699511,정상,,없음,False,영업중,2022-03-04,5,3,0,1,1,5,5070000,2025-03-13 15:43:21
309,PHMB520245070014042500005,우진산업,경상북도,안동시,"경상북도 안동시 북후면 북평로 847, 2층",,36614,36.682868,128.700813,정상,,없음,False,영업중,2024-08-14,5,3,0,1,1,5,5070000,2025-07-03 18:05:37
310,PHMB520215070014042500012,원크린케어,경상북도,안동시,"경상북도 안동시 합전4길 11, 1층 (송현동)",경상북도 안동시 송현동 294,36642,36.569741,128.699791,정상,,없음,False,영업중,2021-12-21,5,3,0,1,1,5,5070000,2021-12-22 10:53:32
311,PHMB520255070014042500005,자광개발(주),경상북도,안동시,"경상북도 안동시 서경지길 27, 1층 2호 (태화동)",경상북도 안동시 태화동 227-38,36676,36.560012,128.713833,정상,070-7766-3648,인터넷전화,True,영업중,2025-10-27,5,3,0,1,1,5,5070000,2025-10-27 17:05:01
312,PHMB520205070014042500004,정담청소용역,경상북도,안동시,"경상북도 안동시 광명로 206-15, 삼성베스트캐슬 1층 108호 (옥동)",경상북도 안동시 옥동 619-6 삼성베스트캐슬,36665,36.562634,128.705959,정상,,없음,False,영업중,2020-10-20,5,3,0,1,1,5,5070000,2021-01-26 18:04:30
313,PHMB520105070014042500002,제로시스템,경상북도,안동시,경상북도 안동시 용상시장6길 17 (용상동),경상북도 안동시 용상동 1466번지 18호,36716,36.558588,128.749171,정상,054-822-9100,유선,True,영업중,2010-09-06,5,5,1,1,1,5,5070000,2011-10-30 13:51:10
314,PHMB520215070014042500009,주)클린엔젤스,경상북도,안동시,"경상북도 안동시 풍산읍 풍산태사로 1063, 1층 101호",경상북도 안동시 풍산읍 하리리 254-7,36621,36.57753,128.574169,정상,054-852-5901,유선,True,영업중,2021-08-06,5,3,0,1,1,5,5070000,2021-08-06 11:56:33
315,PHMB520235070014042500008,주식회사 경남물산,경상북도,안동시,"경상북도 안동시 대석길 31, 2층 (대석동)",경상북도 안동시 대석동 267-7,36696,36.566259,128.72659,정상,054-857-4249,유선,True,영업중,2023-09-14,5,3,0,1,1,5,5070000,2024-07-03 13:14:19
316,PHMB520195070014042500001,주식회사 만표기업,경상북도,안동시,경상북도 안동시 아늑1길 4 (정상동),경상북도 안동시 정상동 751번지,36753,36.542004,128.737475,정상,054-852-7482,유선,True,영업중,2019-03-12,5,3,0,1,1,5,5070000,2023-03-09 10:27:26
317,PHMB520245070014042500002,주식회사 미래로,경상북도,안동시,"경상북도 안동시 중앙로 45, 3층 (삼산동)",경상북도 안동시 삼산동 93-10,36701,36.565433,128.731636,정상,054-853-4069,유선,True,영업중,2024-01-10,5,3,0,1,1,5,5070000,2025-09-10 15:19:27
318,PHMB520235070014042500004,주식회사 바른기업,경상북도,안동시,"경상북도 안동시 안기1길 34, 1층 102-1호 (안기동)",경상북도 안동시 안기동 173-6,36629,36.574004,128.717479,정상,,없음,False,영업중,2023-03-29,5,3,0,1,1,5,5070000,2023-03-29 15:22:33
319,PHMB520225070014042500002,주식회사 바이영,경상북도,안동시,"경상북도 안동시 광명로 212-10, 금잔디어린이집 4층 (옥동)",경상북도 안동시 옥동 619-12 금잔디어린이집,36665,36.563218,128.705971,정상,,없음,False,영업중,2022-08-09,5,3,0,1,1,5,5070000,2025-06-18 16:27:00
320,PHMB520265070014042500003,주식회사 콜파워,경상북도,안동시,"경상북도 안동시 불무골1길 70, 현대아파트 상가동 2층 204호 (태화동)",경상북도 안동시 태화동 634-209 현대아파트,36657,36.564805,128.707001,정상,,없음,False,영업중,2026-05-26,2,3,0,1,1,4,5070000,2026-05-27 16:54:18
321,PHMB520135070014042500001,진성산업,경상북도,안동시,경상북도 안동시 단원로 69 (운안동),경상북도 안동시 운안동 351번지 1호,36630,36.571766,128.711425,정상,,없음,False,영업중,2013-02-07,5,5,1,1,1,5,5070000,2016-11-24 18:20:49
322,PHMB520215070014042500004,창하종합관리,경상북도,안동시,경상북도 안동시 풍산읍 죽전길 708-66,경상북도 안동시 풍산읍 죽전리 1294,36620,36.642522,128.583004,정상,,없음,False,영업중,2021-04-09,5,3,0,1,1,5,5070000,2022-06-17 11:10:40
323,PHMB520135070014042500002,청소친구,경상북도,안동시,"경상북도 안동시 안기1길 1, 1층 (안기동)",경상북도 안동시 안기동 167번지 13호,36629,36.573329,128.71875,정상,,없음,False,영업중,2013-03-12,5,5,1,1,1,5,5070000,2017-09-06 08:53:21
324,PHMB520175070014042500002,청아종합용역 청소아지매,경상북도,안동시,"경상북도 안동시 용상북1길 6, C동 104호 (용상동, 에이스아울렛)",경상북도 안동시 용상동 1427번지 7호 C동 104호,36711,36.561463,128.748669,정상,,없음,False,영업중,2017-04-14,5,3,0,1,1,5,5070000,2017-07-03 16:07:22
325,PHMB520205070014042500003,케이방역,경상북도,안동시,"경상북도 안동시 제비원로 266-1, 2층 (안기동)",경상북도 안동시 안기동 223-42,36678,36.57584,128.719174,정상,,없음,False,영업중,2020-09-03,5,3,0,1,1,5,5070000,2020-09-09 16:45:58
326,PHMB520215070014042500005,큐프랜드 안동점,경상북도,안동시,"경상북도 안동시 영가로 8, 1층 (운흥동)",경상북도 안동시 운흥동 183-13,36705,36.563721,128.733173,정상,,없음,False,영업중,2021-04-12,5,3,0,1,1,5,5070000,2021-04-12 17:08:56
327,PHMB520065070014042500002,태하종합관리,경상북도,안동시,경상북도 안동시 상지길 16 (율세동),경상북도 안동시 율세동 405번지 17호,36692,36.56965,128.732785,정상,054-859-6244,유선,True,영업중,2006-09-04,5,5,1,1,1,5,5070000,2015-12-28 14:45:23
328,PHMB520035070014042500001,페스콘소독방제,경상북도,안동시,경상북도 안동시 전거리5길 94 (용상동),경상북도 안동시 용상동 1612번지 9호,36715,36.560846,128.745861,정상,054-821-6779,유선,True,영업중,2003-03-19,5,5,1,1,1,5,5070000,2015-07-30 11:39:58
329,PHMB520255070014042500001,프레쉬 소독방제,경상북도,안동시,"경상북도 안동시 전거리5길 92, 1층 (용상동)",경상북도 안동시 용상동 1612-10,36715,36.560768,128.745784,정상,,없음,False,영업중,2025-02-10,5,3,0,1,1,5,5070000,2025-02-10 17:56:38
330,PHMB520215070014042500003,한국그린자원(주),경상북도,안동시,"경상북도 안동시 강남2길 10, 1층 (정하동)",경상북도 안동시 정하동 241-4,36751,36.551701,128.732859,정상,,없음,False,영업중,2021-03-18,5,3,0,1,1,5,5070000,2021-03-18 14:27:38
331,PHMB520065070014042500001,회덕종합용역,경상북도,안동시,경상북도 안동시 한화3길 5 (안기동),경상북도 안동시 안기동 109번지 27호 세원종합상가  다동 108호,36652,36.570662,128.717864,정상,054-858-1050,유선,True,영업중,2006-08-03,5,5,1,1,1,5,5070000,2011-10-30 14:04:15
332,PHMB520085180020042500002,(주)두드림,경상북도,영덕군,경상북도 영덕군 영덕읍 화개서길 5,경상북도 영덕군 영덕읍 화개리 136번지 2호,36429,36.415976,129.366513,정상,,없음,False,영업중,2008-08-06,5,5,1,1,1,5,5180000,2020-03-19 13:36:02
333,PHMB520235180020042500001,(주)아름다운 집,경상북도,영덕군,경상북도 영덕군 영덕읍 중앙길 96-6,,36432,36.411321,129.36986,정상,054-984-9988,유선,True,영업중,2023-01-18,5,3,0,1,1,5,5180000,2023-11-29 10:08:11
334,PHMB520265180020042500001,곰곰이청소,경상북도,영덕군,경상북도 영덕군 영덕읍 덕곡길 85,경상북도 영덕군 영덕읍 덕곡리 152-7,36432,36.411621,129.370132,정상,,없음,False,영업중,2026-08-10,5,3,0,1,3,5,5180000,2026-08-11 10:03:07
335,PHMB520215180020042500001,영덕클린,경상북도,영덕군,경상북도 영덕군 영덕읍 덕곡4길 13-1,,36433,36.413592,129.367502,정상,,없음,False,영업중,2021-12-27,5,3,0,1,1,5,5180000,2021-12-28 11:51:49
336,PHMB520165180020042500001,유강환경,경상북도,영덕군,"경상북도 영덕군 영덕읍 영덕로 163, 103호 (마이다스빌)",경상북도 영덕군 영덕읍 우곡리 217 마이다스빌 103호,36439,36.40904,129.374859,정상,,없음,False,영업중,2016-12-12,5,4,0,1,2,5,5180000,2021-08-24 09:04:04
337,PHMB520185180020042500001,주식회사 로하스,경상북도,영덕군,경상북도 영덕군 강구면 동해대로 4439,,36458,36.35412,129.379107,정상,054-733-1188,유선,True,영업중,2018-02-08,5,3,0,1,1,5,5180000,2022-02-07 18:06:19
338,PHMB520135180020042500001,현대방역공사,경상북도,영덕군,경상북도 영덕군 강구면 강영로 345,경상북도 영덕군 강구면 금호리 296번지 1호 9통 1반,36452,36.390646,129.379777,정상,,없음,False,영업중,2013-06-24,5,5,1,1,2,5,5180000,2017-09-05 13:18:11
339,PHMB520105170012042500001,영양방역공사,경상북도,영양군,경상북도 영양군 영양읍 중앙로 78,,36540,36.660404,129.112425,정상,054-682-8982,유선,True,영업중,2010-01-28,5,5,1,1,1,5,5170000,2022-01-17 09:57:33
340,PHMB520135170012042500001,영양용역방역공사,경상북도,영양군,경상북도 영양군 영양읍 시장길 16,경상북도 영양군 영양읍 서부리 112번지,36540,36.662261,129.115229,정상,,없음,False,영업중,2013-04-11,5,5,1,1,1,5,5170000,2014-11-12 17:41:31
341,PHMB520195170012042500002,일월환경주식회사,경상북도,영양군,"경상북도 영양군 영양읍 중앙로 144, 영양농업발전연구소",경상북도 영양군 영양읍 서부리 324번지 9호 영양농업발전연구소,36542,36.666044,129.114526,정상,054-682-3338,유선,True,영업중,2019-12-27,5,3,0,1,1,5,5170000,2020-09-17 18:08:04
342,PHMB520185170012042500001,푸른생활환경,경상북도,영양군,"경상북도 영양군 영양읍 옥골1길 1, 대동빌딩 202호",경상북도 영양군 영양읍 서부리 189 대동빌딩,36538,36.664457,129.113553,정상,054-683-7772,유선,True,영업중,2018-10-02,5,5,0,2,2,5,5170000,2025-07-15 11:05:16
343,PHMB520085090024042500006,(주) 경기종합관리 영주지사,경상북도,영주시,경상북도 영주시 원당로 115 (하망동),경상북도 영주시 하망동 422번지 68호,,36.822119,128.62665,정상,,없음,False,영업중,2008-11-27,5,5,1,1,1,5,5090000,2009-02-25 11:23:37
344,PHMB520245090024042500003,(주)바른기업,경상북도,영주시,"경상북도 영주시 풍기읍 동성로2번길 76-1, 1호",경상북도 영주시 풍기읍 동부리 356-1,36038,36.871238,128.53426,정상,,없음,False,영업중,2024-11-06,5,3,0,3,2,5,5090000,2026-04-23 13:18:32
345,PHMB520245090024042500002,(주)영주헬스산업,경상북도,영주시,"경상북도 영주시 구성로 321, 1층 (영주동)",경상북도 영주시 영주동 586,36100,36.821049,128.625315,정상,,없음,False,영업중,2024-07-23,5,3,0,1,1,5,5090000,2025-09-18 17:50:54
346,PHMB520215090024042500003,(주)케이크린 경북지사,경상북도,영주시,"경상북도 영주시 구성로320번길 11-5, 하망동 2층 (하망동)",경상북도 영주시 하망동 549-10,36085,36.821573,128.625623,정상,,없음,False,영업중,2021-05-10,5,3,0,1,1,5,5090000,2022-11-09 16:17:50
347,PHMB520205090024042500004,(주)크린테크,경상북도,영주시,경상북도 영주시 구성로349번길 53 (영주동),경상북도 영주시 영주동 425-12,36098,36.821218,128.621224,정상,,없음,False,영업중,2020-09-17,5,3,0,1,1,5,5090000,2024-05-13 13:21:00
348,PHMB520145090024042500001,(주)태웅관리,경상북도,영주시,"경상북도 영주시 숫골길23번길 4, (주)태웅관리 (영주동)",경상북도 영주시 영주동 65-4 (주)태웅관리,36073,36.82916,128.621811,정상,054-638-1924,유선,True,영업중,2014-04-10,5,5,1,1,3,5,5090000,2025-09-09 17:51:48
349,PHMB520215090024042500001,경원에스디,경상북도,영주시,경상북도 영주시 대학로12번길 16 (휴천동),경상북도 영주시 휴천동 309-4,36117,36.810962,128.622559,정상,,없음,False,영업중,2021-01-15,5,3,0,1,1,5,5090000,2022-11-09 16:18:40
350,PHMB520245090024042500001,그린시티,경상북도,영주시,경상북도 영주시 시청로 20 (휴천동),경상북도 영주시 휴천동 321-14,36131,36.808008,128.624428,정상,,없음,False,영업중,2024-03-25,5,3,0,1,1,5,5090000,2025-09-25 15:43:52
351,PHMB520205090024042500002,뉴스용역공사,경상북도,영주시,"경상북도 영주시 웃무리로 46, 2층 (상망동)",경상북도 영주시 상망동 585번지 1호,36065,36.825711,128.639773,정상,,없음,False,영업중,2020-04-22,5,3,0,1,1,5,5090000,2023-06-05 10:28:01
352,PHMB520205090024042500001,무궁화 방역,경상북도,영주시,경상북도 영주시 신재로 145 (가흥동),경상북도 영주시 가흥동 1297-3 (2층),36059,36.830734,128.596834,지오코딩_근사(건물/주소),054-636-1880,유선,True,영업중,2020-03-13,5,3,0,1,1,5,5090000,2022-11-09 16:26:45
353,PHMB520265090024042500001,미래관리시스템,경상북도,영주시,"경상북도 영주시 원당로163번길 10, 1층 112호 (하망동)",경상북도 영주시 하망동 294-39,36081,36.825705,128.629669,정상,,없음,False,영업중,2026-03-03,5,3,0,1,3,5,5090000,2026-03-05 17:35:52
354,PHMB520215090024042500004,바른방역 바른청소,경상북도,영주시,"경상북도 영주시 중앙로98번길 14, 1층 (하망동)",경상북도 영주시 하망동 364-69,36085,36.823369,128.625872,정상,,없음,False,영업중,2021-05-27,5,3,0,1,1,5,5090000,2025-09-23 15:36:49
355,PHMB520215090024042500005,세진씨앤에스,경상북도,영주시,"경상북도 영주시 대학로284번길 29, 1층 (가흥동)",경상북도 영주시 가흥동 1558,36136,36.820557,128.608217,정상,,없음,False,영업중,2021-06-02,5,3,0,1,1,5,5090000,2024-09-30 17:57:38
356,PHMB520075090024042500001,영주소독공사,경상북도,영주시,경상북도 영주시 지천로 64-20 (휴천동),경상북도 영주시 휴천동 464번지 14호,36132,36.805846,128.620917,정상,054-634-3722,유선,True,영업중,2007-01-24,5,6,1,1,2,7,5090000,2024-07-31 18:28:41
357,PHMB520085090024042500003,예스엔피,경상북도,영주시,"경상북도 영주시 대학로78번길 14-1, 블루스트래블러 1층 (휴천동)",경상북도 영주시 휴천동 642-177 블루스트래블러,36124,36.8084,128.616583,정상,054-631-9960,유선,True,영업중,2008-01-14,10,4,1,1,2,5,5090000,2024-07-31 17:05:05
358,PHMB520265090024042500003,이가네 베스트 클린,경상북도,영주시,"경상북도 영주시 번영로 129, 이가네 베스트 클린 2층 (하망동)",경상북도 영주시 하망동 362-12 대동지업사,36085,36.823158,128.626648,정상,,없음,False,영업중,2026-08-07,5,3,0,1,6,5,5090000,2026-08-12 09:30:03
359,PHMB520205090024042500005,제일서비스,경상북도,영주시,경상북도 영주시 구성로 312 (휴천동),경상북도 영주시 휴천동 718,36086,36.820773,128.626354,정상,,없음,False,영업중,2020-10-06,5,3,0,1,1,5,5090000,2025-08-22 13:46:43
360,PHMB520215090024042500002,주식회사 다온건물관리,경상북도,영주시,"경상북도 영주시 광복로 64, 조광당 (영주동)",경상북도 영주시 영주동 24-42 조광당,36074,36.827635,128.625464,정상,,없음,False,영업중,2021-02-02,5,3,0,1,1,5,5090000,2025-01-21 15:02:13
361,PHMB520235090024042500002,주식회사해피니스,경상북도,영주시,"경상북도 영주시 선비로 111, 1층 (휴천동)",경상북도 영주시 휴천동 642-50,36104,36.814876,128.622188,정상,,없음,False,영업중,2023-12-19,5,3,0,1,1,5,5090000,2023-12-19 14:18:22
362,PHMB520195090024042500001,키즈월드 영주점,경상북도,영주시,경상북도 영주시 지천로50번길 29 (휴천동),경상북도 영주시 휴천동 458번지 1호,36132,36.805032,128.621275,정상,054-635-5030,유선,True,영업중,2019-02-26,5,3,0,2,1,5,5090000,2022-04-27 14:09:59
363,PHMB520205090024042500003,태영산업,경상북도,영주시,경상북도 영주시 광복로 7 (영주동),경상북도 영주시 영주동 164-8,36078,36.827425,128.619203,정상,,없음,False,영업중,2020-05-18,5,3,0,1,1,5,5090000,2025-08-22 11:47:55
364,PHMB520085090024042500001,한울종합방역공사,경상북도,영주시,경상북도 영주시 영봉로 100-2 (휴천동),경상북도 영주시 휴천1동 1348번지,,36.815601,128.64817,정상,,없음,False,영업중,2008-04-03,5,5,1,2,1,5,5090000,2025-07-23 11:38:07
365,PHMB520265090024042500002,행복공간,경상북도,영주시,"경상북도 영주시 풍기읍 동성로2번길 76-1, 2호",경상북도 영주시 풍기읍 동부리 356-1,36038,36.871238,128.53426,정상,,없음,False,영업중,2026-04-06,5,3,0,7,4,5,5090000,2026-04-06 16:59:39
366,PHMB520155100028042500001,(주)대산개발,경상북도,영천시,경상북도 영천시 금호읍 금호로 35-1,,38881,35.92992,128.865823,정상,054-337-1101,유선,True,영업중,2015-09-10,5,3,0,1,2,5,5100000,2026-01-27 11:38:09
367,PHMB520015100000042500001,경북방역공사,경상북도,영천시,경상북도 영천시 충효로 148 (야사동),경상북도 영천시 야사동 146번지,38859,35.97632,128.944848,정상,054-331-5200,유선,True,영업중,2001-06-11,5,5,1,1,1,5,5100000,2022-03-02 16:15:32
368,PHMB519955100000042500002,동부위생공사,경상북도,영천시,경상북도 영천시 모란4길 18 (야사동),경상북도 영천시 야사동 331번지 6호,38833,35.976077,128.940842,정상,054-331-6790,유선,True,영업중,1995-03-20,5,5,1,1,1,5,5100000,2022-02-15 11:39:46
369,PHMB520225100028042500004,무계스마트농업,경상북도,영천시,,경상북도 영천시 북안면 대경로 2166-112      무계,,35.904402,129.008526,지오코딩_근사(행정구역중심),,없음,False,영업중,2022-07-27,5,3,0,1,1,5,5100000,2022-07-27 14:47:23
370,PHMB520215100028042500001,별빛자루,경상북도,영천시,"경상북도 영천시 중앙동2길 86, 지하1층 (문내동)",경상북도 영천시 문내동 14-2,38838,35.97421,128.93207,정상,054-337-1919,유선,True,영업중,2021-01-21,5,3,0,1,1,5,5100000,2026-06-01 09:04:38
371,PHMB520225100028042500002,보아스(BOAZ),경상북도,영천시,경상북도 영천시 호국로 88(야사동),경상북도 영천시 야사동 135-11,38861,35.974415,128.947075,정상,,없음,False,영업중,2022-02-16,5,3,0,1,1,5,5100000,2022-12-23 17:45:25
372,PHMB520225100028042500001,선진종합관리,경상북도,영천시,경상북도 영천시 임고면 포은로 259-8,경상북도 영천시 임고면 매호리 795,38817,36.000756,128.968234,정상,,없음,False,영업중,2022-02-08,32,6,0,2,1,5,5100000,2026-01-19 15:52:01
373,PHMB520105100028042500001,세기위생방역,경상북도,영천시,경상북도 영천시 문외1길 23 (문외동),경상북도 영천시 문외동 155번지 2호,38851,35.970319,128.934969,정상,054-333-7119,유선,True,영업중,2010-03-16,10,6,1,1,1,5,5100000,2025-10-01 09:28:04
374,PHMB520205100028042500003,스카이 협동조합,경상북도,영천시,경상북도 영천시 문화새길 55 (야사동),경상북도 영천시 야사동 210-28,38861,35.972056,128.947481,정상,054-336-7050,유선,True,영업중,2020-07-24,5,3,0,1,2,5,5100000,2021-03-16 09:34:13
375,PHMB520245100028042500001,스타케어,경상북도,영천시,"경상북도 영천시 동문1길 5-11, 동문빌 1층 (문내동)",경상북도 영천시 문내동 149 동문빌,38851,35.968753,128.933127,정상,054-331-7177,유선,True,영업중,2024-08-23,5,3,0,1,1,5,5100000,2025-02-27 10:14:15
376,PHMB520255100028042500002,영천드론방제,경상북도,영천시,경상북도 영천시 영천아이시로 51 (봉동),,38898,35.934302,128.945437,정상,,없음,False,영업중,2025-11-24,2,3,0,1,1,2,5100000,2025-11-24 16:41:40
377,PHMB520205100028042500001,주식회사 삼양환경,경상북도,영천시,"경상북도 영천시 천문로 88, 2층 (도동)",경상북도 영천시 도동 251번지 27호,38896,35.946537,128.929251,정상,,없음,False,영업중,2020-06-12,5,3,0,1,1,5,5100000,2025-12-16 16:05:53
378,PHMB520005100000042500001,청수환경용역,경상북도,영천시,경상북도 영천시 장수로 74 (화룡동),경상북도 영천시 화룡동 315번지,38839,35.966972,128.917549,정상,054-333-3235,유선,True,영업중,2000-02-02,5,5,1,1,1,5,5100000,2026-02-13 16:54:49
379,PHMB520185100028042500001,클린위생방역,경상북도,영천시,경상북도 영천시 시청남1길 11 (문외동),경상북도 영천시 문외동 40번지 7호,38855,35.971611,128.938979,정상,,없음,False,영업중,2018-01-25,5,3,0,1,1,5,5100000,2026-01-19 15:26:10
380,PHMB520255100028042500001,휴먼웰스,경상북도,영천시,"경상북도 영천시 망정로 30, 203호 (망정동)",경상북도 영천시 망정동 242-1,38830,35.979191,128.95376,정상,1522-2055,대표번호,True,영업중,2025-02-19,2,3,0,1,1,5,5100000,2025-02-19 17:46:46
381,PHMB520185230029042500001,(주)동진엠엔에스,경상북도,예천군,"경상북도 예천군 용궁면 용궁로 163, 동진엠엔에스",경상북도 예천군 용궁면 읍부리 133-18 동진엠엔에스,36858,36.607926,128.283153,정상,,없음,False,영업중,2018-06-25,5,5,0,1,1,5,5230000,2025-02-13 16:37:05
382,PHMB520125230029042500001,(주)행복드림,경상북도,예천군,경상북도 예천군 예천읍 시장로 29,경상북도 예천군 예천읍 남본리 245번지 20호,36828,36.653062,128.448298,정상,,없음,False,영업중,2012-08-29,5,5,1,1,1,5,5230000,2023-02-16 17:22:58
383,PHMB520195230029042500001,경북예천지역자활센터,경상북도,예천군,경상북도 예천군 예천읍 양궁로 44,경상북도 예천군 예천읍 남본리 88번지 4호,36829,36.648551,128.460329,정상,054-655-8217,유선,True,영업중,2019-02-26,5,3,0,1,1,5,5230000,2026-03-20 10:42:32
384,PHMB520005230029042500001,그린환경산업,경상북도,예천군,경상북도 예천군 예천읍 상설시장1길 13,경상북도 예천군 예천읍 동본리 531번지 2호,,36.656513,128.456852,정상,,없음,False,영업중,2000-12-06,5,5,1,1,1,5,5230000,2025-02-07 16:16:36
385,PHMB520235230029042500001,단샘 마을관리 사회적협동조합,경상북도,예천군,"경상북도 예천군 예천읍 효자로 89, 1층",경상북도 예천군 예천읍 노하리 70-2,36822,36.657211,128.453647,정상,,없음,False,영업중,2023-11-28,5,3,0,1,2,5,5230000,2024-11-25 17:01:08
386,PHMB520205230029042500001,비.샤인,경상북도,예천군,경상북도 예천군 호명읍 양지1길 5,경상북도 예천군 호명읍 산합리 1333번지,36849,36.576377,128.480027,정상,,없음,False,영업중,2020-02-28,5,3,0,1,1,5,5230000,2020-12-16 16:09:02
387,PHMB520245230029042500002,오엔이 클린,경상북도,예천군,"경상북도 예천군 용궁면 용궁로 100, 1층",경상북도 예천군 용궁면 읍부리 316-14 용궁영양식당,36858,36.607222,128.276166,정상,,없음,False,영업중,2024-12-02,5,3,0,1,1,5,5230000,2024-12-03 13:16:54
388,PHMB520195230029042500004,주식회사 클린코디,경상북도,예천군,경상북도 예천군 예천읍 충효로 162-1,경상북도 예천군 예천읍 대심리 78-6,36826,36.647617,128.443041,정상,054-654-5082,유선,True,영업중,2019-12-13,7,4,0,1,2,7,5230000,2023-09-21 16:48:30
389,PHMB520225230029042500001,청춘클린,경상북도,예천군,경상북도 예천군 예천읍 대심1길 62-8,경상북도 예천군 예천읍 대심리 442-7,36826,36.651839,128.440278,정상,,없음,False,영업중,2022-05-11,5,3,0,1,1,5,5230000,2024-09-23 13:52:07
390,PHMB520205260013042500001,주식회사 울릉클린 365,경상북도,울릉군,"경상북도 울릉군 울릉읍 도동길 63, 2층",경상북도 울릉군 울릉읍 도동리 128-1,40227,37.486326,130.905958,정상,054-791-7933,유선,True,영업중,2020-10-29,5,4,0,1,1,5,5260000,2026-03-16 11:00:57
391,PHMB520075260013042500001,크린울릉,경상북도,울릉군,경상북도 울릉군 울릉읍 봉래3길 19,경상북도 울릉군 울릉읍 도동3리 383번지 10호 3통,40217,37.495881,130.905177,정상,054-791-2260,유선,True,영업중,2007-04-30,5,5,1,1,1,5,5260000,2012-07-25 09:33:00
392,PHMB520145250079042500001,(주)드림앤해피워크,경상북도,울진군,경상북도 울진군 매화면 매화2길 57,경상북도 울진군 매화면 매화리 1145번지 2호,36339,36.91067,129.381331,정상,054-783-4466,유선,True,영업중,2014-04-28,5,5,1,1,1,5,5250000,2018-06-04 09:19:38
393,PHMB520135250079042500001,(주)말똥구리,경상북도,울진군,경상북도 울진군 북면 십이령로 2273,경상북도 울진군 북면 두천리 237번지,36309,37.035934,129.291416,정상,054-788-0002,유선,True,영업중,2013-12-12,5,5,1,1,1,5,5250000,2018-04-25 18:02:03
394,PHMB520185250079042500001,(주)청우건설,경상북도,울진군,경상북도 울진군 죽변면 용장길 102-16,경상북도 울진군 죽변면 화성리 257번지,36314,37.059426,129.386401,정상,054-781-9775,유선,True,영업중,2018-11-06,5,3,1,1,1,5,5250000,2020-06-30 13:57:44
395,PHMB520205250079042500006,(주)하람씨푸드,경상북도,울진군,경상북도 울진군 후포면 중밤터2길 17,경상북도 울진군 후포면 삼율리 717-3,36370,36.682358,129.435433,정상,054-788-1007,유선,True,영업중,2020-11-10,10,3,1,1,1,5,5250000,2020-11-11 15:47:37
396,PHMB520255250079042500001,JS ECO,경상북도,울진군,"경상북도 울진군 후포면 후포삼율로 158, 2층",경상북도 울진군 후포면 삼율리 29-3 울진신문사남부지사,36370,36.683978,129.442833,정상,,없음,False,영업중,2025-04-14,2,3,0,1,1,2,5250000,2025-04-15 14:11:09
397,PHMB520235250079042500001,OK(오케이)건설,경상북도,울진군,경상북도 울진군 울진읍 울진중앙로 18,경상북도 울진군 울진읍 읍내리 196-17 울진종합터미널,36326,36.983435,129.397407,정상,,없음,False,영업중,2023-08-11,5,3,0,1,1,5,5250000,2023-08-11 14:19:31
398,PHMB520125250079042500001,사람이 사는 환경,경상북도,울진군,경상북도 울진군 울진읍 새마실3길 47-1,경상북도 울진군 울진읍 읍내리 616-11,36322,37.001285,129.401119,정상,054-781-2119,유선,True,영업중,2012-12-26,5,6,1,1,2,5,5250000,2020-12-04 09:09:30
399,PHMB520105250013042500001,신나는 빗자루(울진점),경상북도,울진군,경상북도 울진군 온정면 소태1길 6,경상북도 울진군 온정면 소태리 910-4,36358,36.722661,129.343284,정상,054-781-4555,유선,True,영업중,2010-12-31,5,3,0,2,1,5,5250000,2021-07-27 17:28:13
400,PHMB520165250079042500001,애니크린,경상북도,울진군,경상북도 울진군 울진읍 울진중앙로 180,,36322,36.997558,129.40176,정상,,없음,False,영업중,2016-01-25,5,3,0,1,1,5,5250000,2016-01-25 15:55:10
401,PHMB519945250013042500001,영동방역,경상북도,울진군,,경상북도 울진군 북면 고목리 470번지 4호,,37.074301,129.377217,정상,054-782-4338,유선,True,영업중,1994-05-27,5,5,1,1,1,5,5250000,2020-11-19 17:57:23
402,PHMB520205250079042500001,울진지역자활센터,경상북도,울진군,"경상북도 울진군 울진읍 울진북로 496-11, 울진지역자활센터",경상북도 울진군 울진읍 읍내리 361 울진군 평생학습관,36326,36.99294,129.394852,정상,054-782-4555,유선,True,영업중,2020-01-08,5,3,0,1,1,5,5250000,2025-12-24 08:58:39
403,PHMB520155250079042500002,제일방역산업공사,경상북도,울진군,"경상북도 울진군 울진읍 월변2길 28, 2층",,36326,36.989359,129.397403,정상,054-783-8779,유선,True,영업중,2015-01-13,5,3,0,1,1,5,5250000,2017-02-13 17:02:53
404,PHMB520205250079042500004,주식회사 우진,경상북도,울진군,경상북도 울진군 후포면 후포삼율로 149,,36370,36.683207,129.442514,정상,054-788-9800,유선,True,영업중,2020-06-15,5,3,0,1,1,5,5250000,2020-06-15 14:19:28
405,PHMB520225250079042500001,죽진산업,경상북도,울진군,경상북도 울진군 죽변면 용장길 102-16,경상북도 울진군 죽변면 화성리 257,36314,37.059426,129.386401,정상,,없음,False,영업중,2022-03-28,5,3,0,1,1,5,5250000,2022-03-29 11:07:10
406,PHMB520195250079042500001,진영개발,경상북도,울진군,"경상북도 울진군 죽변면 죽변2길 209, 2층",경상북도 울진군 죽변면 죽변리 324번지 6호,36315,37.062035,129.421657,정상,,없음,False,영업중,2019-05-17,5,3,0,1,1,5,5250000,2019-05-17 16:38:26
407,PHMB520205250079042500005,청옥환경산업,경상북도,울진군,경상북도 울진군 죽변면 죽변2길 209,경상북도 울진군 죽변면 죽변리 324-6 죽변면청년회,36315,37.062035,129.421657,정상,,없음,False,영업중,2020-08-03,5,3,0,1,1,5,5250000,2020-08-05 09:36:37
408,PHMB520205250079042500002,청정빗자루,경상북도,울진군,"경상북도 울진군 울진읍 울진북로 496-11, 울진군종합복지회관",경상북도 울진군 울진읍 읍내리 361번지 울진군종합복지회관,36326,36.99294,129.394852,정상,054-781-4552,유선,True,영업중,2020-02-28,5,3,0,1,4,5,5250000,2020-03-02 09:45:24
409,PHMB520205150018042500002,경북의성지역자활센터,경상북도,의성군,"경상북도 의성군 의성읍 안평의성로 1122-26, 2층",경상북도 의성군 의성읍 철파리 397번지 21호,37333,36.359109,128.681849,정상,054-833-1225,유선,True,영업중,2020-06-25,20,4,0,1,1,5,5150000,2026-05-07 18:21:49
410,PHMB520255150018042500001,모든방역,경상북도,의성군,"경상북도 의성군 의성읍 북부길 7, 1층",경상북도 의성군 의성읍 후죽리 858-37,37335,36.356956,128.693781,정상,,없음,False,영업중,2025-07-08,5,4,0,2,1,5,5150000,2025-07-09 17:55:09
411,PHMB520235150018042500001,새마을환경,경상북도,의성군,"경상북도 의성군 봉양면 도리원3길 27-5, 2층",경상북도 의성군 봉양면 화전리 519-6,37362,36.300038,128.576682,정상,,없음,False,영업중,2023-09-07,5,3,0,1,1,5,5150000,2025-04-25 19:04:44
412,PHMB520025150018042500001,쉬리환경,경상북도,의성군,경상북도 의성군 봉양면 도리원1길 105,경상북도 의성군 봉양면 화전리 80번지 3호,37362,36.301751,128.584447,정상,,없음,False,영업중,2002-07-18,5,5,0,1,1,5,5150000,2019-12-10 16:15:36
413,PHMB520015150018042500001,제일환경,경상북도,의성군,경상북도 의성군 의성읍 동서1길 32,경상북도 의성군 의성읍 후죽리 618번지 2호,37338,36.349512,128.697704,정상,,없음,False,영업중,2001-01-16,5,5,1,1,1,5,5150000,2025-06-09 09:30:19
414,PHMB520215150018042500001,행복크린,경상북도,의성군,"경상북도 의성군 의성읍 구봉길 196, 성호아파트 상가",경상북도 의성군 의성읍 도동리 993 성호아파트,37342,36.343685,128.69928,정상,,없음,False,영업중,2021-04-09,5,3,0,1,1,5,5150000,2023-05-15 16:45:46
415,PHMB520215190019042500002,대성퓨어,경상북도,청도군,경상북도 청도군 화양읍 청화1길 2,경상북도 청도군 화양읍 범곡리 534-7,38331,35.648371,128.731971,정상,,없음,False,영업중,2021-04-30,5,3,0,1,1,5,5190000,2021-05-04 08:07:03
416,PHMB520215190019042500001,크린산업개발,경상북도,청도군,"경상북도 청도군 청도읍 청도신기길 80-68, 101호",경상북도 청도군 청도읍 고수리 710-6,38338,35.645455,128.744721,정상,,없음,False,영업중,2021-03-16,5,3,0,1,1,5,5190000,2026-08-04 08:39:55
417,PHMB520095190019042500001,태영그린환경,경상북도,청도군,경상북도 청도군 화양읍 범곡길 2,경상북도 청도군 화양읍 범곡리 378번지 4호,,35.649287,128.727023,정상,,없음,False,영업중,2009-07-30,5,5,1,1,1,10,5190000,2024-06-25 17:09:33
418,PHMB520135160011042500001,(주)청송환경,경상북도,청송군,경상북도 청송군 청송읍 중앙로 192,경상북도 청송군 청송읍 월막리 456-22,37431,36.43697,129.051574,정상,054-873-0095,유선,True,영업중,2013-04-05,5,5,1,1,2,5,5160000,2025-12-23 15:54:25
419,PHMB520155160011042500001,(주)푸른샘,경상북도,청송군,경상북도 청송군 현동면 새마을로 4916,,37457,36.244422,129.042444,정상,,없음,False,영업중,2015-06-26,5,3,0,1,1,5,5160000,2017-02-09 20:11:41
420,PHMB520195160011042500001,그린환경,경상북도,청송군,경상북도 청송군 진보면 진안서길 30-1,,37409,36.531175,129.044015,정상,054-874-5995,유선,True,영업중,2019-08-09,5,3,0,1,1,5,5160000,2019-08-12 13:38:06
421,PHMB520205160011042500002,내몸사랑,경상북도,청송군,경상북도 청송군 부남면 대전1길 15,,37443,36.345883,129.063116,정상,054-874-1588,유선,True,영업중,2020-04-16,5,3,0,1,1,5,5160000,2023-11-17 09:09:46
422,PHMB520265160011042500001,늘푸른환경,경상북도,청송군,경상북도 청송군 청송읍 중앙로 213-1,경상북도 청송군 청송읍 월막리 428-31,37428,36.435313,129.053192,정상,,없음,False,영업중,2026-06-25,5,4,0,1,1,5,5160000,2026-06-29 10:34:31
423,PHMB520175160011042500001,부강환경,경상북도,청송군,경상북도 청송군 청송읍 금월로 187,경상북도 청송군 청송읍 730번지,,36.42571,129.056903,정상,,없음,False,영업중,2017-11-08,5,3,0,1,1,5,5160000,2020-08-25 13:40:06
424,PHMB520205160011042500004,영동하우징,경상북도,청송군,경상북도 청송군 진보면 진안로 3,경상북도 청송군 진보면 진안리 390-2,37409,36.526827,129.044247,정상,054-872-2292,유선,True,영업중,2020-12-22,5,3,0,1,1,5,5160000,2025-06-17 17:45:58
425,PHMB520255160011042500001,천상클린환경,경상북도,청송군,"경상북도 청송군 청송읍 중앙로 249-9, 1층",경상북도 청송군 청송읍 월막리 239-5,37428,36.43417,129.056113,정상,,없음,False,영업중,2025-08-01,50,3,0,1,1,5,5160000,2025-08-04 10:10:32
426,PHMB520065160011042500001,청암환경,경상북도,청송군,경상북도 청송군 청송읍 주왕산로 7-261,경상북도 청송군 청송읍 청운리 940-2,37434,36.40039,129.071961,정상,054-872-7100,유선,True,영업중,2006-06-08,5,5,1,1,2,5,5160000,2022-01-11 18:01:16
427,PHMB520215160011042500002,청정환경,경상북도,청송군,경상북도 청송군 청송읍 논시골로 76-20,경상북도 청송군 청송읍 부곡리 421-4,37423,36.449223,129.077165,정상,,없음,False,영업중,2021-05-12,5,3,0,1,1,5,5160000,2026-07-22 17:16:33
428,PHMB520215160011042500001,케이피엠 청송센터,경상북도,청송군,경상북도 청송군 진보면 진안서길 10,경상북도 청송군 진보면 진안리 530-2,37409,36.529413,129.044168,정상,,없음,False,영업중,2021-02-10,5,3,0,1,1,5,5160000,2021-02-16 17:21:25
429,PHMB520225220013042500001,거광T&S,경상북도,칠곡군,경상북도 칠곡군 왜관읍 중앙로2길 30,경상북도 칠곡군 왜관읍 왜관리 251-25,39891,35.992484,128.398273,정상,,없음,False,영업중,2014-07-07,5,5,1,1,1,5,5220000,2022-07-04 08:07:38
430,PHMB520255220013042500001,그린환경산업,경상북도,칠곡군,"경상북도 칠곡군 석적읍 남중리5길 7, 1층",,39845,36.073994,128.410977,정상,054-974-1886,유선,True,영업중,2025-10-20,10,3,0,1,1,5,5220000,2026-04-08 11:50:58
431,PHMB520245220013042500001,금오방역,경상북도,칠곡군,경상북도 칠곡군 약목면 약목로5길 10,경상북도 칠곡군 약목면 복성리 853-4,39825,36.034171,128.364394,정상,,없음,False,영업중,2024-02-06,5,3,0,1,1,5,5220000,2025-09-25 11:17:53
432,PHMB520225220013042500002,대진실업,경상북도,칠곡군,경상북도 칠곡군 약목면 칠곡대로 1157,경상북도 칠곡군 약목면 관호리 926-1,39830,35.999379,128.391067,정상,054-973-9198,유선,True,영업중,2022-10-27,200,3,0,1,1,5,5220000,2025-09-25 11:15:40
433,PHMB520265220013042500003,럭키클린방역,경상북도,칠곡군,경상북도 칠곡군 약목면 약목로 77-3,경상북도 칠곡군 약목면 복성리 962-5,39826,36.033355,128.365768,정상,,없음,False,영업중,2026-08-26,5,3,0,1,1,5,5220000,2026-08-27 11:50:17
434,PHMB520165220013042500001,로취버스터즈대구경북센터,경상북도,칠곡군,경상북도 칠곡군 왜관읍 석전로 145-4,,39875,36.002974,128.412513,정상,080-082-8244,유선,True,영업중,2016-07-28,5,3,0,2,1,5,5220000,2018-02-12 14:25:47
435,PHMB520235220013042500001,밀알희망일터,경상북도,칠곡군,경상북도 칠곡군 가산면 유학로 918-1,경상북도 칠곡군 가산면 학산리 784-4,39851,36.066474,128.46082,지오코딩_근사(도로중심),054-972-0505,유선,True,영업중,2023-01-09,5,3,0,1,1,5,5220000,2026-07-29 16:52:03
436,PHMB520265220013042500001,세기위생방역,경상북도,칠곡군,"경상북도 칠곡군 석적읍 동중리8길 33, 101호",경상북도 칠곡군 석적읍 중리 215-8 101호,39837,36.075879,128.417342,정상,,없음,False,영업중,2026-03-16,5,3,0,2,1,5,5220000,2026-04-14 13:55:36
437,PHMB520155220013042500002,에코 시스템,경상북도,칠곡군,"경상북도 칠곡군 석적읍 동중리8길 33, 1층 102호",경상북도 칠곡군 석적읍 중리 215-8,39837,36.075879,128.417342,정상,054-975-0597,유선,True,영업중,2015-05-22,5,3,0,1,1,5,5220000,2026-03-31 13:39:51
438,PHMB520235220013042500007,엑스라인방역,경상북도,칠곡군,"경상북도 칠곡군 북삼읍 어로3길 9, 상가동 1층 101호 (북삼삼주아파트)",경상북도 칠곡군 북삼읍 어로리 440-1 북삼삼주아파트,39804,36.045716,128.335159,정상,,없음,False,영업중,2023-10-13,5,3,0,1,1,5,5220000,2025-09-25 11:17:03
439,PHMB519935220013042500001,왜관방역공사,경상북도,칠곡군,경상북도 칠곡군 약목면 복성13길 24,경상북도 칠곡군 약목면 복성리 701번지,39823,36.037481,128.359092,정상,054-974-4234,유선,True,영업중,1993-11-05,5,5,1,1,1,5,5220000,2018-06-18 11:38:39
440,PHMB520235220013042500002,이지케어,경상북도,칠곡군,경상북도 칠곡군 기산면 주산로 1264-36,경상북도 칠곡군 기산면 죽전리 106,39914,35.989137,128.388492,정상,,없음,False,영업중,2019-05-17,5,3,0,1,1,5,5220000,2023-04-19 15:55:14
441,PHMB520215220013042500006,일광방역Zone,경상북도,칠곡군,경상북도 칠곡군 북삼읍 금오대로 188,경상북도 칠곡군 북삼읍 인평리 379,39814,36.062222,128.345173,정상,080-300-1119,유선,True,영업중,2009-11-27,5,5,1,1,1,5,5220000,2025-09-25 10:07:26
442,PHMB520235220013042500006,창공드론교육원,경상북도,칠곡군,경상북도 칠곡군 동명면 동명팔거천3길 59-22,,39862,35.966989,128.55371,정상,,없음,False,영업중,2023-09-13,5,3,0,1,1,5,5220000,2023-09-14 10:02:45
443,PHMB520265220013042500002,케이안심방역센터,경상북도,칠곡군,경상북도 칠곡군 북삼읍 외율2길 68-16,경상북도 칠곡군 북삼읍 율리 767-2,39805,36.053308,128.335383,정상,,없음,False,영업중,2026-08-20,5,3,0,1,2,5,5220000,2026-08-21 11:51:36
444,PHMB520215220013042500007,큐빅,경상북도,칠곡군,"경상북도 칠곡군 왜관읍 중앙로5길 16, 큐빅 1층",,39887,35.993532,128.399921,정상,,없음,False,영업중,2021-12-01,5,3,0,1,1,5,5220000,2025-09-25 11:13:18
445,PHMB520245220013042500002,클린마스터,경상북도,칠곡군,"경상북도 칠곡군 왜관읍 공단로1길 7, 2층",,39909,35.974603,128.425573,정상,,없음,False,영업중,2024-06-10,5,3,0,1,1,5,5220000,2024-06-11 09:54:39
446,PHMB520215220013042500002,하나,경상북도,칠곡군,경상북도 칠곡군 왜관읍 중앙로5길 16,경상북도 칠곡군 왜관읍 왜관리 216-56,39887,35.993532,128.399921,정상,,없음,False,영업중,2021-01-12,7,3,0,1,1,5,5220000,2026-09-11 13:20:09
447,PHMB519915020055042500002,(주)금원기업,경상북도,포항시 남구,경상북도 포항시 남구 양학천로 156 (대도동),경상북도 포항시 남구 대도동 19번지 18호,37777,36.027049,129.362143,정상,,없음,False,영업중,1991-04-15,5,5,1,1,1,5,5020000,2018-03-10 16:46:28
448,PHMB520265020055042500003,(주)닥터엠케어,경상북도,포항시 남구,"경상북도 포항시 남구 중섬로 16, 포항대잠코아루타워 319호 (대잠동)",경상북도 포항시 남구 대잠동 938 포항대잠코아루타워,37761,36.014155,129.346492,정상,,없음,False,영업중,2026-07-09,5,3,0,1,1,2,5020000,2026-07-15 10:43:58
449,PHMB520125020056042500008,(주)대청환경,경상북도,포항시 남구,"경상북도 포항시 남구 양학천로150번길 8, 3층 302호 (대도동, 푸르빌원룸)",경상북도 포항시 남구 대도동 20번지 35호 푸르빌원룸,37777,36.026249,129.362271,정상,,없음,False,영업중,2012-09-06,5,3,1,1,1,5,5020000,2025-05-23 11:07:11
450,PHMB520175020056042500002,(주)리더스 디벨럽먼트,경상북도,포항시 남구,"경상북도 포항시 남구 새천년대로 408, 6층 (대잠동)",경상북도 포항시 남구 대잠동 955,37762,36.012369,129.343549,정상,054-275-5234,유선,True,영업중,2017-08-16,5,3,0,1,1,5,5020000,2021-12-03 09:59:00
451,PHMB520245020055042500003,(주)명신산업,경상북도,포항시 남구,"경상북도 포항시 남구 운하로 46, 2층 (송도동)",경상북도 포항시 남구 송도동 494-10,37803,36.02849,129.375191,정상,,없음,False,영업중,2024-06-12,5,3,0,1,1,5,5020000,2024-06-13 15:42:47
452,PHMB520125020055042500001,(주)미강,경상북도,포항시 남구,"경상북도 포항시 남구 희망대로 913, 1층 (해도동)",경상북도 포항시 남구 해도동 170-40,37811,36.013349,129.371734,정상,054-282-8388,유선,True,영업중,2012-04-23,5,4,1,1,1,5,5020000,2026-07-29 18:17:01
453,PHMB520165020055042500005,(주)미래실업,경상북도,포항시 남구,경상북도 포항시 남구 해병로109번길 1 (인덕동),경상북도 포항시 남구 인덕동 71번지 1호,37902,35.984869,129.405172,정상,054-292-1190,유선,True,영업중,2016-09-30,5,3,0,1,1,5,5020000,2016-09-30 17:29:27
454,PHMB520085020055042500002,(주)산동,경상북도,포항시 남구,"경상북도 포항시 남구 연일읍 동문로 42, 2층",경상북도 포항시 남구 연일읍 오천리 714번지,37840,35.993866,129.352277,정상,054-249-7579,유선,True,영업중,2008-12-19,5,5,1,1,1,5,5020000,2025-04-29 10:04:27
455,PHMB520195020055042500004,(주)신미소환경,경상북도,포항시 남구,경상북도 포항시 남구 상공로 190 (대도동),경상북도 포항시 남구 대도동 63-1,37812,36.022019,129.36672,정상,,없음,False,영업중,2019-11-11,5,3,0,1,1,5,5020000,2020-10-11 09:06:51
456,PHMB519965020055042500001,(주)신정,경상북도,포항시 남구,"경상북도 포항시 남구 상공로 10, 매일신문사 동부지역본부 지하1층 (대도동)",경상북도 포항시 남구 대도동 640-7 매일신문사 동부지역본부,37831,36.009525,129.356563,정상,054-282-3478,유선,True,영업중,1996-09-23,5,5,1,1,1,5,5020000,2021-03-23 11:23:01
457,PHMB520205020055042500012,(주)에이치앤비파트너,경상북도,포항시 남구,"경상북도 포항시 남구 대이로 55, 3층 (대잠동)",경상북도 포항시 남구 대잠동 996-3,37684,36.020045,129.340963,정상,054-286-7408,유선,True,영업중,2020-11-03,5,3,0,1,1,5,5020000,2026-03-16 09:17:42
458,PHMB520245020055042500002,(주)우봉,경상북도,포항시 남구,경상북도 포항시 남구 구룡포읍 병포길22번길 8-1,,37935,35.985563,129.549372,정상,057-276-5001,유선,True,영업중,2024-05-10,5,3,0,1,1,5,5020000,2024-05-13 09:09:11
459,PHMB520045020055042500001,(주)우진파크,경상북도,포항시 남구,"경상북도 포항시 남구 대이로 8 (대잠동, 동부하이빌)",경상북도 포항시 남구 대잠동 971번지 2호 202호,37685,36.016791,129.34413,정상,054-275-0420,유선,True,영업중,2004-09-06,5,5,1,1,1,5,5020000,2015-09-08 17:51:17
460,PHMB520095020056042500003,(주)유강미래산업,경상북도,포항시 남구,"경상북도 포항시 남구 문예로 78, 3층 (대도동)",경상북도 포항시 남구 대도동 139번지 12호,37824,36.014148,129.3648,정상,,없음,False,영업중,2009-07-27,6,4,0,1,3,6,5020000,2025-04-02 16:09:32
461,PHMB520155020055042500006,(주)한동종합관리,경상북도,포항시 남구,경상북도 포항시 남구 운하로 227 (송도동),경상북도 포항시 남구 송도동 253번지 74호,37730,36.043036,129.373612,정상,054-283-8280,유선,True,영업중,2015-10-19,5,3,0,1,2,5,5020000,2025-03-27 13:08:07
462,PHMB520125020056042500002,(주)해암산업,경상북도,포항시 남구,경상북도 포항시 남구 청림서길22번길 2 (청림동),경상북도 포항시 남구 청림동 3번지 214호,37920,35.996116,129.41185,정상,,없음,False,영업중,2012-03-08,5,5,1,1,1,5,5020000,2025-06-12 09:17:56
463,PHMB520155020055042500004,(주)해피플랜,경상북도,포항시 남구,"경상북도 포항시 남구 상공로18번길 6, 1층 (대도동)",경상북도 포항시 남구 대도동 640번지 19호,37831,36.010274,129.356811,정상,054-244-5333,유선,True,영업중,2015-04-17,5,3,0,1,1,5,5020000,2015-09-08 17:00:43
464,PHMB520055020055042500001,(주)휴비즈,경상북도,포항시 남구,"경상북도 포항시 남구 상공로 10, 8층 (대도동)",경상북도 포항시 남구 대도동 640번지 7호,37831,36.009525,129.356563,정상,,없음,False,영업중,2005-12-27,5,5,1,1,1,5,5020000,2016-09-23 18:21:48
465,PHMB520205020055042500007,K-2 방역대,경상북도,포항시 남구,경상북도 포항시 남구 오천읍 정몽주로 571-1,경상북도 포항시 남구 오천읍 용덕리 291-8,37909,35.969239,129.415857,정상,,없음,False,영업중,2020-06-03,5,3,0,2,1,5,5020000,2025-04-29 10:10:23
466,PHMB520035020055042500001,고려피엔씨,경상북도,포항시 남구,경상북도 포항시 남구 청림서길22번길 2 (청림동),경상북도 포항시 남구 청림동 3번지 214호,37920,35.996116,129.41185,정상,,없음,False,영업중,2003-02-14,5,5,0,3,2,5,5020000,2025-06-11 09:00:37
467,PHMB520135020055042500002,그린방역,경상북도,포항시 남구,"경상북도 포항시 남구 중흥로100번길 7-5, 가우디타운 3층 302호 (상도동)",경상북도 포항시 남구 상도동 603번지 7호,37769,36.0139,129.351884,정상,,없음,False,영업중,2013-08-12,5,5,1,2,1,5,5020000,2018-05-25 16:25:32
468,PHMB520105020055042500002,깨끗한방역,경상북도,포항시 남구,경상북도 포항시 남구 양학천로136번길 48 (대도동),경상북도 포항시 남구 대도동 58번지 1호,37779,36.023115,129.365377,정상,054-252-7700,유선,True,영업중,2010-02-03,5,5,1,1,1,5,5020000,2015-09-08 17:32:16
469,PHMB520195020055042500003,뉴에버크린,경상북도,포항시 남구,경상북도 포항시 남구 동해면 흥환길26번길 94,경상북도 포항시 남구 동해면 흥환리 473,37922,36.014305,129.505066,정상,,없음,False,영업중,2019-09-19,30,4,0,3,7,5,5020000,2025-06-02 17:59:08
470,PHMB520145020055042500004,뉴환경산업,경상북도,포항시 남구,"경상북도 포항시 남구 상공로104번길 25 (대도동, 광장시장)",경상북도 포항시 남구 대도동 127번지 8호,37821,36.015988,129.362644,정상,054-244-4818,유선,True,영업중,2014-11-24,5,5,1,1,1,5,5020000,2017-02-06 09:04:54
471,PHMB520145020055042500001,대영건설(주),경상북도,포항시 남구,경상북도 포항시 남구 상공로 28 (상도동),,37831,36.01119,129.356249,정상,054-241-0800,유선,True,영업중,2014-04-18,5,5,1,1,1,5,5020000,2015-09-08 17:08:05
472,PHMB520255020055042500001,디씨티(DCT),경상북도,포항시 남구,"경상북도 포항시 남구 중섬로 16, 포항대잠코아루타워 917호 (대잠동)",경상북도 포항시 남구 대잠동 938 포항대잠코아루타워,37761,36.014155,129.346492,정상,,없음,False,영업중,2025-07-08,4,3,0,1,1,4,5020000,2025-07-09 10:34:59
473,PHMB520155020055042500001,매일환경산업,경상북도,포항시 남구,경상북도 포항시 남구 오천읍 해병로269번길 22-7,경상북도 포항시 남구 오천읍 용덕리 277번지 1호,37909,35.970509,129.413838,정상,054-272-8006,유선,True,영업중,2015-01-21,5,5,1,1,1,5,5020000,2019-02-25 17:56:49
474,PHMB520265020055042500004,방역대장 포항점,경상북도,포항시 남구,"경상북도 포항시 남구 효자로118번길 27, 1층 (효자동)",경상북도 포항시 남구 효자동 119-1,37663,36.008614,129.337208,정상,,없음,False,영업중,2026-09-01,5,4,0,1,1,5,5020000,2026-09-03 09:49:52
475,PHMB520125020055042500003,벨킨스,경상북도,포항시 남구,경상북도 포항시 남구 양학천로118번길 47 (대도동),경상북도 포항시 남구 대도동 58번지 25호,37779,36.022716,129.365548,정상,,없음,False,영업중,2012-06-27,5,5,1,1,1,5,5020000,2022-03-11 11:52:26
476,PHMB520255020055042500003,뷰티케어,경상북도,포항시 남구,"경상북도 포항시 남구 포스코대로 323-1, 지하1층 (상도동)",경상북도 포항시 남구 상도동 5-5,37783,36.018884,129.35946,정상,,없음,False,영업중,2025-09-16,5,3,0,1,3,5,5020000,2025-09-16 16:09:41
477,PHMB520185020055042500002,세정가,경상북도,포항시 남구,경상북도 포항시 남구 연일읍 원서길 87-2,경상북도 포항시 남구 연일읍 택전리 247번지 8호,37855,35.987525,129.33577,정상,054-282-3332,유선,True,영업중,2018-01-17,7,7,0,10,2,13,5020000,2026-07-10 13:37:14
478,PHMB520215020055042500003,제일크린테크,경상북도,포항시 남구,"경상북도 포항시 남구 연일읍 원서길 120, 1층",경상북도 포항시 남구 연일읍 택전리 610-2,37855,35.987766,129.332186,정상,,없음,False,영업중,2021-03-16,5,3,0,1,1,5,5020000,2025-04-01 11:48:28
479,PHMB520225020055042500005,좋은환경주택관리,경상북도,포항시 남구,경상북도 포항시 남구 중흥로58번길 7-8(상도동),,37771,36.011061,129.350001,정상,,없음,False,영업중,2022-09-30,5,3,0,1,1,5,5020000,2022-10-04 14:21:29
480,PHMB520255020055042500002,주식회사 그루터기,경상북도,포항시 남구,"경상북도 포항시 남구 문예로70번길 23, 형산시장 13호 (대도동)",경상북도 포항시 남구 대도동 143-1 형산시장,37824,36.012738,129.366417,정상,054-284-4515,유선,True,영업중,2025-07-08,5,3,0,1,1,5,5020000,2025-07-09 15:31:51
481,PHMB520045020056042500004,주식회사 그린에스,경상북도,포항시 남구,"경상북도 포항시 남구 중앙로 154, 학산타워빌딩 811호 (해도동)",경상북도 포항시 남구 해도동 33번지 12호 학산타워빌딩,37788,36.026828,129.368062,정상,,없음,False,영업중,2004-04-27,5,4,1,1,2,6,5020000,2020-03-31 10:38:57
482,PHMB520105020055042500003,주식회사 나눔크린,경상북도,포항시 남구,경상북도 포항시 남구 문예로 53 (대도동),,37828,36.012291,129.363632,정상,054-283-4473,유선,True,영업중,2010-09-07,6,10,1,2,1,5,5020000,2022-01-17 09:14:38
483,PHMB520255020055042500005,주식회사 청소매니아,경상북도,포항시 남구,"경상북도 포항시 남구 상공로233번길 45-3, 1층 (해도동)",경상북도 포항시 남구 해도동 42-5,37788,36.026933,129.369959,정상,,없음,False,영업중,2025-12-04,10,4,0,2,3,5,5020000,2025-12-08 09:16:22
484,PHMB520205020055042500004,지금은 방역시대,경상북도,포항시 남구,경상북도 포항시 남구 중앙로91번길 22 (대도동),,37812,36.020943,129.366548,정상,054-256-1811,유선,True,영업중,2020-05-06,5,3,0,1,1,5,5020000,2025-03-05 10:29:15
485,PHMB520265020055042500001,청소시방역구(포항지사),경상북도,포항시 남구,"경상북도 포항시 남구 희망대로 711, 4층 401호 (상도동)",경상북도 포항시 남구 상도동 671-4,37771,36.009867,129.351076,정상,,없음,False,영업중,2026-03-05,5,3,0,1,1,5,5020000,2026-03-11 15:21:21
486,PHMB520215020055042500005,청소의 요정(Cleaning Fairy),경상북도,포항시 남구,"경상북도 포항시 남구 희망대로 727-5, 1층 (상도동)",경상북도 포항시 남구 상도동 651-3,37772,36.009791,129.35266,정상,054-248-7141,유선,True,영업중,2021-09-29,5,3,0,1,1,5,5020000,2023-04-12 09:03:12
487,PHMB519995020055042500001,청수기업,경상북도,포항시 남구,경상북도 포항시 남구 중앙로158번길 25 (해도동),경상북도 포항시 남구 해도동 25번지 5호,37790,36.027738,129.370359,정상,054-282-7287,유선,True,영업중,1999-02-24,5,5,1,1,1,5,5020000,2018-11-01 09:52:33
488,PHMB519965020055042500002,청우실업,경상북도,포항시 남구,경상북도 포항시 남구 상도로42번길 8 (상도동),경상북도 포항시 남구 상도동 630번지 2호,37768,36.012394,129.354457,정상,054-281-7447,유선,True,영업중,1996-06-12,5,5,1,1,1,5,5020000,2015-09-08 18:01:55
489,PHMB520135020055042500003,청원환경,경상북도,포항시 남구,경상북도 포항시 남구 상공로32번길 51 (대도동),경상북도 포항시 남구 대도동 161번지 6호,37829,36.011833,129.361604,정상,054-277-5585,유선,True,영업중,2013-08-20,5,5,1,1,1,5,5020000,2016-04-21 16:55:12
490,PHMB520255020055042500004,클린이,경상북도,포항시 남구,"경상북도 포항시 남구 구룡포읍 동해안로 4192, 1층",경상북도 포항시 남구 구룡포읍 구평리 493-3,37940,35.942167,129.531275,정상,,없음,False,영업중,2025-09-23,5,3,0,1,1,5,5020000,2025-09-23 15:59:11
491,PHMB520155020055042500002,태양실업,경상북도,포항시 남구,경상북도 포항시 남구 운하로48번길 6 (송도동),경상북도 포항시 남구 송도동 494번지 29호,37803,36.028625,129.375532,정상,054-284-0515,유선,True,영업중,2015-03-13,5,10,0,3,1,5,5020000,2025-04-29 10:07:42
492,PHMB520235020055042500001,페스트 제로,경상북도,포항시 남구,경상북도 포항시 남구 지곡로379번길 12-4 (지곡동),,37672,36.034411,129.312489,정상,,없음,False,영업중,2023-06-19,5,3,0,1,1,7,5020000,2023-06-21 09:10:00
493,PHMB520265020055042500002,포웍스(POWORKS),경상북도,포항시 남구,"경상북도 포항시 남구 희망대로 929-1, 1층 (해도동)",경상북도 포항시 남구 해도동 126-15,37811,36.028368,129.379823,지오코딩_근사(도로중심),,없음,False,영업중,2026-06-24,5,3,0,1,2,5,5020000,2026-06-30 10:45:35
494,PHMB520205020055042500009,포항나눔 K 크린,경상북도,포항시 남구,경상북도 포항시 남구 동해안로 5990 (청림동),경상북도 포항시 남구 청림동 564-7,37920,35.996651,129.408571,정상,054-252-4470,유선,True,영업중,2020-06-17,10,10,0,2,5,5,5020000,2026-09-01 11:26:38
495,PHMB520205020055042500011,포항명문소독,경상북도,포항시 남구,경상북도 포항시 남구 희망대로 1075 (송도동),,37804,36.026921,129.378504,정상,,없음,False,영업중,2020-07-09,5,3,0,1,1,5,5020000,2020-07-10 16:36:48
496,PHMB520205020055042500001,포항크린,경상북도,포항시 남구,"경상북도 포항시 남구 연일읍 동문로40번길 18, 105호",경상북도 포항시 남구 연일읍 오천리 686번지,37840,35.993087,129.353445,정상,054-283-7811,유선,True,영업중,2020-02-13,5,3,0,3,2,6,5020000,2025-04-30 16:53:41
497,PHMB520145020055042500003,포항해운(주),경상북도,포항시 남구,"경상북도 포항시 남구 동해안로 6262, 217호 (동촌동)",,37877,35.998823,129.389477,정상,054-256-1600,유선,True,영업중,2014-11-05,5,3,1,1,1,5,5020000,2025-04-21 16:00:20
498,PHMB520225020055042500004,풀무원 풀스케어,경상북도,포항시 남구,경상북도 포항시 남구 해동로84번길 24-4(해도동),,37793,36.027008,129.375052,정상,,없음,False,영업중,2022-09-30,5,3,0,1,1,5,5020000,2022-10-04 14:19:38
499,PHMB520215020055042500001,한국방역연구소,경상북도,포항시 남구,"경상북도 포항시 남구 중흥로114번길 8-6, 1층층 (상도동)",경상북도 포항시 남구 상도동 603-11,37769,36.014259,129.35217,정상,,없음,False,영업중,2021-01-12,5,3,0,1,1,5,5020000,2021-01-12 18:07:11
500,PHMB520115020055042500001,한림교육사,경상북도,포항시 남구,경상북도 포항시 남구 중섬로 21 (대잠동),경상북도 포항시 남구 대잠동 934번지 12호,37760,36.014329,129.347309,정상,054-278-2234,유선,True,영업중,2011-05-27,5,5,1,1,1,5,5020000,2015-09-08 17:28:27
501,PHMB520185020055042500003,한솔환경,경상북도,포항시 남구,"경상북도 포항시 남구 오천읍 정몽주로 607-1, 1층",경상북도 포항시 남구 오천읍 용덕리 309-5,37908,35.97223,129.415093,정상,,없음,False,영업중,2018-03-16,5,3,0,1,1,5,5020000,2021-05-03 17:30:27
502,PHMB520225020055042500002,한양공조시스템,경상북도,포항시 남구,경상북도 포항시 남구 대해로79번길 41(대도동),경상북도 포항시 남구 대도동 21-32,37777,36.025981,129.364013,정상,,없음,False,영업중,2022-07-06,5,3,0,1,4,5,5020000,2022-07-08 10:03:16
503,PHMB520055020055042500004,해충폴리스,경상북도,포항시 남구,경상북도 포항시 남구 상공로134번길 21 (대도동),경상북도 포항시 남구 대도동 99번지 36호,37814,36.018387,129.363913,정상,054-283-4446,유선,True,영업중,2005-07-28,5,5,1,3,1,5,5020000,2025-12-17 10:06:04
504,PHMB520245020055042500001,현대종합관리,경상북도,포항시 남구,경상북도 포항시 남구 양학천로150번길 12-11 (대도동),,37777,36.025772,129.362563,정상,,없음,False,영업중,2024-01-11,5,3,0,1,1,5,5020000,2024-01-12 15:13:39
505,PHMB520205020055042500002,현대종합관리 주식회사,경상북도,포항시 남구,"경상북도 포항시 남구 양학천로 218, 2층 (해도동)",경상북도 포항시 남구 해도동 33번지 210호,37788,36.028314,129.368503,정상,054-282-9200,유선,True,영업중,2020-03-29,5,3,0,1,1,5,5020000,2020-04-01 20:43:39
506,PHMB520135020055042500001,(주)다원산업,경상북도,포항시 북구,"경상북도 포항시 북구 삼호로8번길 12, 다원빌 1층 (덕산동)",경상북도 포항시 북구 덕산동 234번지 31호,37728,36.041567,129.368396,정상,,없음,False,영업중,2013-04-04,5,5,1,1,1,5,5020000,2023-10-20 14:03:24
507,PHMB520055020056042500001,(주)대덕이엔씨,경상북도,포항시 북구,경상북도 포항시 북구 법원로112번길 13(장성동),경상북도 포항시 북구 장성동 1373-14,37582,36.084837,129.387094,정상,,없음,False,영업중,2005-01-25,5,5,1,1,1,5,5020000,2022-05-06 09:35:00
508,PHMB520015020056042500002,(주)밀레니엄환경기업,경상북도,포항시 북구,경상북도 포항시 북구 새마을로 38 (용흥동),경상북도 포항시 북구 용흥동 377번지 8호,37651,36.038862,129.355696,정상,,없음,False,영업중,2001-05-18,5,5,1,1,1,5,5020000,2021-03-16 11:35:04
509,PHMB520245020056042500002,(주)삼양인터내셔날 포항지점,경상북도,포항시 북구,경상북도 포항시 북구 흥해읍 흥해로 47-1,경상북도 포항시 북구 흥해읍 남성리 227-1,37543,36.109375,129.346771,정상,1588-0036,대표번호,True,영업중,2024-12-18,5,3,0,1,1,5,5020000,2024-12-20 09:11:48
510,PHMB520035020056042500001,(주)삼정기업,경상북도,포항시 북구,경상북도 포항시 북구 흥해읍 도음로917번길 24,경상북도 포항시 북구 흥해읍 학천리 408번지,37562,36.079452,129.332278,정상,,없음,False,영업중,2003-02-10,5,5,1,1,1,5,5020000,2019-12-31 11:39:58
511,PHMB520205020056042500004,(주)새한종합관리,경상북도,포항시 북구,"경상북도 포항시 북구 양학로10번길 34-5, 1층 (용흥동)",,37700,36.027091,129.353979,정상,,없음,False,영업중,2020-07-06,5,3,0,1,1,5,5020000,2020-07-08 13:42:28
512,PHMB520105020056042500002,(주)우진환경,경상북도,포항시 북구,경상북도 포항시 북구 아호로 64-1 (학산동),경상북도 포항시 북구 학산동 298번지 4호,37713,36.057733,129.370244,정상,,없음,False,영업중,1995-12-16,5,5,1,1,1,5,5020000,2015-08-06 16:54:03
513,PHMB520205020056042500006,(주)일등환경,경상북도,포항시 북구,"경상북도 포항시 북구 장량로158번길 42, 1층 (양덕동)",경상북도 포항시 북구 양덕동 1437,37595,36.077891,129.397551,정상,054-252-8899,유선,True,영업중,2020-09-10,5,4,0,1,4,10,5020000,2023-09-13 15:37:19
514,PHMB520045020056042500003,(주)지구엔지니어링,경상북도,포항시 북구,"경상북도 포항시 북구 용당로 137, 1층 (신흥동)",경상북도 포항시 북구 신흥동 700번지 10호,37706,36.039443,129.363194,정상,,없음,False,영업중,2004-06-28,5,4,0,3,1,5,5020000,2019-11-28 08:55:59
515,PHMB520025020056042500003,(주)크린텍,경상북도,포항시 북구,경상북도 포항시 북구 선착로30번길 8 (대신동),경상북도 포항시 북구 대신동 71번지 2호,37725,36.047847,129.366592,정상,,없음,False,영업중,2002-05-15,5,5,1,1,1,5,5020000,2017-03-02 14:42:43
516,PHMB520125020056042500007,(주)포스케어,경상북도,포항시 북구,"경상북도 포항시 북구 법원로39번길 14, 101호 (장성동)",경상북도 포항시 북구 장성동 1550-18,37583,36.078578,129.384251,정상,1644-2949,대표번호,True,영업중,2012-09-05,5,5,1,1,1,5,5020000,2024-02-22 17:53:58
517,PHMB520195020056042500001,(주)한결,경상북도,포항시 북구,"경상북도 포항시 북구 법원로116번길 16, 101호 (장성동)",경상북도 포항시 북구 장성동 1373-12,37582,36.08499,129.38733,정상,,없음,False,영업중,2019-02-01,5,3,0,1,4,5,5020000,2025-03-18 16:48:57
518,PHMB520125020056042500006,(주)해성HC,경상북도,포항시 북구,경상북도 포항시 북구 법원로51번길 40-8 (장성동),경상북도 포항시 북구 장성동 1544번지 6호 40통 5반,37583,36.079907,129.381593,정상,,없음,False,영업중,2012-08-22,5,5,1,1,1,5,5020000,2014-01-16 13:29:49
519,PHMB519975020056042500002,경북환경산업(주),경상북도,포항시 북구,경상북도 포항시 북구 포스코대로 313 (죽도동),경상북도 포항시 북구 죽도동 335번지 25호,37783,36.01943,129.358365,정상,,없음,False,영업중,1997-01-28,5,5,1,1,1,5,5020000,2015-03-12 18:37:46
520,PHMB520165020056042500002,공간케어,경상북도,포항시 북구,"경상북도 포항시 북구 아치로 39-27, 3층 (우현동)",경상북도 포항시 북구 우현동 133번지 3호,37643,36.049874,129.357094,정상,,없음,False,영업중,2016-02-04,5,3,0,1,1,5,5020000,2019-12-31 13:08:34
521,PHMB520235020056042500002,대경,경상북도,포항시 북구,경상북도 포항시 북구 중흥로241번길 37 (죽도동),경상북도 포항시 북구 죽도동 611-1,37750,36.026404,129.35603,정상,054-254-0801,유선,True,영업중,2023-10-24,5,3,0,1,1,5,5020000,2023-11-01 08:57:09
522,PHMB519845020056042500001,동해소독공사,경상북도,포항시 북구,경상북도 포항시 북구 탑산길 22 (용흥동),경상북도 포항시 북구 용흥동 100번지 6호,37686,36.035285,129.356002,정상,,없음,False,영업중,1984-11-05,5,5,1,1,1,5,5020000,2019-06-20 09:43:40
523,PHMB520105020056042500005,드림종합관리(주),경상북도,포항시 북구,경상북도 포항시 북구 삼호로 218 (두호동),경상북도 포항시 북구 두호동 649번지,37708,36.05779,129.377876,정상,,없음,False,영업중,2010-04-06,5,5,1,1,1,5,5020000,2026-01-30 16:05:47
524,PHMB520155020055042500005,라파워터텍,경상북도,포항시 북구,경상북도 포항시 북구 기계면 새마을로 1370-4,,37527,36.061172,129.233116,정상,,없음,False,영업중,2015-10-13,5,3,1,1,2,5,5020000,2017-08-22 13:10:52
525,PHMB520245020056042500001,리안공간디자인,경상북도,포항시 북구,"경상북도 포항시 북구 흥해읍 포항대학로 7, 포항대학교 창업보육센터 205호",경상북도 포항시 북구 흥해읍 죽천리 311 포항대학교,37555,36.085457,129.410427,정상,,없음,False,영업중,2024-04-08,5,3,0,1,1,5,5020000,2024-04-09 09:47:45
526,PHMB520225020056042500001,방역시대,경상북도,포항시 북구,"경상북도 포항시 북구 중흥로113번길 9, 3층 (죽도동)",경상북도 포항시 북구 죽도동 713-10,37758,36.015506,129.350869,정상,,없음,False,영업중,2022-02-21,5,3,0,1,1,5,5020000,2022-03-02 09:33:16
527,PHMB520255020056042500001,빌맥가이버,경상북도,포항시 북구,"경상북도 포항시 북구 천마로71번길 26, 101호 (장성동)",,37587,36.083181,129.393868,정상,054-232-8181,유선,True,영업중,2025-04-11,5,3,0,3,3,5,5020000,2025-04-14 15:30:42
528,PHMB520265020056042500001,뽀독,경상북도,포항시 북구,"경상북도 포항시 북구 법원로63번길 15, A동 101호 (장성동)",경상북도 포항시 북구 장성동 1540-5,37583,36.080537,129.38371,정상,,없음,False,영업중,2026-03-24,5,3,0,1,3,5,5020000,2026-04-01 09:20:33
529,PHMB520255020056042500002,사단법인 한국장애인교통문화협회 포항시지회,경상북도,포항시 북구,"경상북도 포항시 북구 용당로 165, 중앙수도사업소 2층 (덕산동)",,37703,36.041727,129.364168,정상,,없음,False,영업중,2025-05-20,2,3,0,1,1,2,5020000,2025-05-22 17:29:18
530,PHMB520015020056042500001,삼일환경(주),경상북도,포항시 북구,경상북도 포항시 북구 죽파로 31 (죽도동),경상북도 포항시 북구 죽도동 113번지 20호,37746,36.028571,129.359898,정상,,없음,False,영업중,2001-03-13,5,5,1,1,1,5,5020000,2015-03-12 18:36:30
531,PHMB520225020056042500004,세이클린,경상북도,포항시 북구,"경상북도 포항시 북구 죽도로40번길 63, 2층 (죽도동)",경상북도 포항시 북구 죽도동 95-13,37745,36.028409,129.361563,정상,,없음,False,영업중,2022-08-01,5,3,0,1,1,5,5020000,2022-12-19 09:33:24
532,PHMB520255020056042500004,세이프테크,경상북도,포항시 북구,경상북도 포항시 북구 장량로158번길 42 (양덕동),경상북도 포항시 북구 양덕동 1437,37595,36.077891,129.397551,정상,,없음,False,영업중,2025-12-24,5,3,0,1,1,5,5020000,2025-12-29 13:36:05
533,PHMB520205020056042500005,스마일종합환경,경상북도,포항시 북구,경상북도 포항시 북구 새천년대로 1029-12 (창포동),경상북도 포항시 북구 창포동 629-16,37633,36.061117,129.369563,정상,,없음,False,영업중,2020-08-26,5,4,1,2,2,5,5020000,2020-08-27 08:42:18
534,PHMB520195020056042500003,양심청소 미하테크,경상북도,포항시 북구,"경상북도 포항시 북구 중흥로255번길 43, 1층 (죽도동)",,37749,36.028109,129.356964,정상,054-286-0702,유선,True,영업중,2019-04-09,5,3,0,1,1,5,5020000,2019-12-31 11:02:53
535,PHMB520105020056042500001,에코유,경상북도,포항시 북구,경상북도 포항시 북구 흥해읍 용연길162번길 3,경상북도 포항시 북구 흥해읍 양백리 455번지 1호,37532,36.125463,129.320936,정상,,없음,False,영업중,2010-03-09,5,5,1,1,1,5,5020000,2015-03-12 17:20:21
536,PHMB520215020056042500008,에코클린 방역,경상북도,포항시 북구,"경상북도 포항시 북구 청하면 청하로 224, 1층",경상북도 포항시 북구 청하면 덕성리 27-1,37515,36.199019,129.34072,정상,,없음,False,영업중,2021-12-13,5,3,0,1,1,5,5020000,2021-12-15 17:31:21
537,PHMB520195020055042500001,에프파이브 케어,경상북도,포항시 북구,"경상북도 포항시 북구 죽도로28번길 41, 오딧세이 원룸 상가 1층 (죽도동)",경상북도 포항시 북구 죽도동 69-31,37744,36.030701,129.361438,정상,,없음,False,영업중,2019-05-13,5,3,0,1,1,5,5020000,2022-10-04 17:39:45
538,PHMB520205020055042500005,엔씨더블유 협동조합,경상북도,포항시 북구,"경상북도 포항시 북구 중흥로125번길 18, 1층 (죽도동)",경상북도 포항시 북구 죽도동 703-38,37758,36.016838,129.350963,정상,054-614-1368,유선,True,영업중,2020-05-14,5,3,0,1,1,5,5020000,2023-05-09 10:20:53
539,PHMB520225020056042500006,엔에스클린닥터 포항지사,경상북도,포항시 북구,"경상북도 포항시 북구 장량로190번길 6-13, 2층 201호 (양덕동)",경상북도 포항시 북구 양덕동 1621,37593,36.081057,129.400404,정상,,없음,False,영업중,2022-12-23,5,3,0,1,1,5,5020000,2022-12-28 16:07:14
540,PHMB520045020056042500001,영남방역공사,경상북도,포항시 북구,"경상북도 포항시 북구 환호공원길 15, 환호종합시장 B동 1층 112호 (환호동)",경상북도 포항시 북구 환호동 377번지 5호 환호종합시장,37600,36.06803,129.391179,정상,,없음,False,영업중,2004-09-02,10,10,1,2,2,5,5020000,2020-06-08 11:00:05
541,PHMB520125020056042500001,영신환경,경상북도,포항시 북구,경상북도 포항시 북구 희망대로659번길 76 (죽도동),경상북도 포항시 북구 죽도동 705번지 3호,37758,36.016564,129.350179,정상,054-272-7188,유선,True,영업중,2012-01-11,5,5,1,1,2,5,5020000,2014-01-16 13:33:24
542,PHMB520205020056042500007,우디,경상북도,포항시 북구,경상북도 포항시 북구 아호로 37 (학산동),경상북도 포항시 북구 학산동 284-1,37717,36.055252,129.370749,정상,,없음,False,영업중,2020-09-15,5,3,0,1,1,5,5020000,2020-09-16 17:37:11
543,PHMB520125020055042500005,주식회사 세광,경상북도,포항시 북구,경상북도 포항시 북구 법원로97번길 20-10 (장성동),경상북도 포항시 북구 장성동 1513번지 3호,37581,36.084038,129.383343,정상,054-611-4855,유선,True,영업중,2012-06-04,5,5,1,1,1,5,5020000,2018-05-29 13:25:20
544,PHMB520205020056042500003,주식회사 오롯이,경상북도,포항시 북구,"경상북도 포항시 북구 불종로 61, 1층 (중앙동)",경상북도 포항시 북구 중앙동 63번지 1호,37736,36.038382,129.366521,정상,054-732-0007,유선,True,영업중,2020-05-06,5,3,0,1,1,5,5020000,2020-05-07 11:44:02
545,PHMB520105020056042500006,주식회사 청해,경상북도,포항시 북구,경상북도 포항시 북구 삼흥로62번길 3-1 (장성동),경상북도 포항시 북구 장성동 1350번지 13호,37607,36.067598,129.379361,정상,,없음,False,영업중,2010-11-24,5,5,1,1,1,5,5020000,2019-12-31 11:57:02
546,PHMB520145020056042500001,주현개발,경상북도,포항시 북구,"경상북도 포항시 북구 흥해읍 남미질로 21, 103/109호",,37545,36.105378,129.345371,정상,,없음,False,영업중,2014-04-21,5,5,1,1,1,5,5020000,2015-03-18 12:06:28
547,PHMB520195020056042500004,참그린환경,경상북도,포항시 북구,경상북도 포항시 북구 흥해읍 남미질로13번길 16,,37545,36.10627,129.344805,정상,,없음,False,영업중,2019-04-18,5,3,0,1,1,5,5020000,2019-04-18 17:29:23
548,PHMB520215020056042500009,청년클린케어,경상북도,포항시 북구,"경상북도 포항시 북구 양덕남로 151, 1층 (양덕동)",경상북도 포항시 북구 양덕동 2154,37596,36.07988,129.408636,정상,,없음,False,영업중,2021-12-16,5,5,0,1,3,5,5020000,2025-03-28 10:14:17
549,PHMB520215020056042500004,청소와용역,경상북도,포항시 북구,"경상북도 포항시 북구 용당로 20, 1층 (용흥동)",경상북도 포항시 북구 용흥동 143-8,37742,36.030063,129.357205,정상,,없음,False,영업중,2021-08-10,5,3,0,1,4,5,5020000,2022-10-18 10:39:36
550,PHMB520255020056042500003,카리타스보호작업장,경상북도,포항시 북구,경상북도 포항시 북구 청하면 동해대로2315번길 33,경상북도 포항시 북구 청하면 하대리 559-26 (주)태경산업,37516,36.17472,129.337342,정상,,없음,False,영업중,2025-12-12,5,4,0,2,1,5,5020000,2025-12-16 08:54:39
551,PHMB520095020056042500008,케스원,경상북도,포항시 북구,경상북도 포항시 북구 삼호로 492 (환호동),경상북도 포항시 북구 환호동 498번지 4호,37599,36.071909,129.39905,정상,,없음,False,영업중,2009-05-26,5,5,1,1,1,5,5020000,2016-04-11 13:01:37
552,PHMB520255020056042500005,클린더홈 한국방역,경상북도,포항시 북구,경상북도 포항시 북구 중흥로213번길 31 (죽도동),,37752,36.024129,129.354825,정상,,없음,False,영업중,2025-12-31,5,3,0,2,1,5,5020000,2026-01-02 15:44:55
553,PHMB520205020056042500001,클린업,경상북도,포항시 북구,경상북도 포항시 북구 삼호로509번길 11-1 (환호동),경상북도 포항시 북구 환호동 492번지 5호,37601,36.072499,129.397493,정상,,없음,False,영업중,2020-03-16,5,3,0,1,1,5,5020000,2020-03-18 11:40:40
554,PHMB520195020056042500006,클린큐브환경,경상북도,포항시 북구,"경상북도 포항시 북구 장량로17번길 36-11, 1층 (장성동)",경상북도 포항시 북구 장성동 1501번지 11호,37579,36.086005,129.383048,정상,054-252-0007,유선,True,영업중,2019-12-09,10,5,0,2,2,8,5020000,2019-12-10 15:44:37
555,PHMB520155020056042500006,킬 러스,경상북도,포항시 북구,경상북도 포항시 북구 흥해읍 남미질로21번길 15-37545,,37545,36.1126,129.35397,지오코딩_근사(행정구역중심),,없음,False,영업중,2015-12-21,5,3,0,1,1,5,5020000,2015-12-21 11:45:12
556,PHMB520195020056042500002,포항소독,경상북도,포항시 북구,"경상북도 포항시 북구 중앙로 210, SK생명 (죽도동)",경상북도 포항시 북구 죽도동 96번지 57호 SK생명,37787,36.031812,129.36662,정상,054-277-7781,유선,True,영업중,2019-02-12,5,3,0,1,1,5,5020000,2019-02-12 17:20:32
557,PHMB520125020056042500010,포항시니어클럽 (클린토이앤워시),경상북도,포항시 북구,"경상북도 포항시 북구 장미길 31-1, 1층 (학산동, 포항학산종합상가)",경상북도 포항시 북구 학산동 346번지,37719,36.051158,129.363385,정상,,없음,False,영업중,2012-11-19,5,5,1,1,1,5,5020000,2017-12-01 13:17:10
558,PHMB520125020056042500004,포항환경방역공사,경상북도,포항시 북구,경상북도 포항시 북구 죽도로40번길 43 (죽도동),경상북도 포항시 북구 죽도동 67번지 6호,37745,36.029751,129.362814,정상,,없음,False,영업중,2012-06-04,5,5,1,1,1,5,5020000,2017-10-19 17:27:07
559,PHMB520215020056042500002,하나방역 포항지사,경상북도,포항시 북구,"경상북도 포항시 북구 죽도로68번길 19, 상가동 102호 (죽도동, 송정한일맨션)",경상북도 포항시 북구 죽도동 20-117 송정한일맨션,37785,36.032337,129.369299,정상,,없음,False,영업중,2021-02-05,5,3,0,1,1,5,5020000,2026-01-22 09:07:54
560,PHMB520235020056042500003,한국방역,경상북도,포항시 북구,"경상북도 포항시 북구 법원로8번길 26, 1층 (장성동, 인하우스)",경상북도 포항시 북구 장성동 1454-6 인하우스,37586,36.076021,129.389382,정상,054-248-1119,유선,True,영업중,2023-11-07,5,3,0,1,2,5,5020000,2023-11-12 15:39:45
561,PHMB520225020056042500003,한국안전기술협회 경북지부,경상북도,포항시 북구,"경상북도 포항시 북구 용두산길 6, 포의빌딩 1층 3호 (두호동)",경상북도 포항시 북구 두호동 1083-3 포의빌딩,37610,36.064661,129.382684,정상,070-4659-4966,인터넷전화,True,영업중,2022-05-09,5,3,0,1,1,5,5020000,2022-05-10 08:43:03
562,PHMB520215020056042500006,한국재난안전진흥원 포항지사,경상북도,포항시 북구,경상북도 포항시 북구 흥해읍 동해대로 1483,경상북도 포항시 북구 흥해읍 옥성리 232,37544,36.10495,129.342678,정상,054-261-7000,유선,True,영업중,2021-09-14,7,3,0,1,1,5,5020000,2021-09-28 14:25:07
563,PHMB520205020056042500008,한국크린,경상북도,포항시 북구,"경상북도 포항시 북구 우창동로 90, 101호 (우현동, THE휴)",경상북도 포항시 북구 우현동 0 THE휴,37636,36.058249,129.36751,지오코딩_근사(도로중심),,없음,False,영업중,2020-11-05,5,3,0,1,1,5,5020000,2020-11-10 14:53:50
564,PHMB520225020056042500002,해성에이치씨,경상북도,포항시 북구,경상북도 포항시 북구 기계면 내단길86번길 19-53,경상북도 포항시 북구 기계면 내단리 746,37527,36.068681,129.226248,정상,,없음,False,영업중,2022-03-04,5,4,0,1,1,5,5020000,2022-03-15 19:16:02
565,PHMB520215020056042500001,향군대창기업,경상북도,포항시 북구,"경상북도 포항시 북구 삼흥로62번길 45 (두호동, 삼양동산맨션)",경상북도 포항시 북구 두호동 1076-8 삼양동산맨션,37608,36.068023,129.383518,정상,,없음,False,영업중,2021-02-05,5,3,0,1,1,5,5020000,2021-02-07 08:56:29
566,PHMB520075020056042500001,현대환경,경상북도,포항시 북구,경상북도 포항시 북구 삼호로8번길 5 (덕산동),경상북도 포항시 북구 덕산동 114번지 17호,37728,36.041769,129.367818,정상,,없음,False,영업중,2007-02-02,5,5,1,1,1,5,5020000,2015-03-12 18:29:51
567,PHMB520245141017042500002,경신환경,대구광역시,군위군,대구광역시 군위군 소보면 송원3길 26,,43102,36.255713,128.478252,정상,,없음,False,영업중,2024-03-07,5,3,0,2,1,5,5141000,2024-03-07 17:00:04
568,PHMB520225140011042500002,그린방역,대구광역시,군위군,대구광역시 군위군 군위읍 중앙길 31-5,대구광역시 군위군 군위읍 서부리 157-7,43118,36.231269,128.567065,정상,054-382-4864,유선,True,영업중,2022-11-23,5,3,0,1,1,5,5141000,2022-11-23 16:50:02
569,PHMB520135140011042500001,대풍환경,대구광역시,군위군,대구광역시 군위군 군위읍 중앙길 93,대구광역시 군위군 군위읍 정리 382번지 1호 27통,43115,36.250169,128.568966,정상,,없음,False,영업중,2013-05-21,5,5,1,1,1,5,5141000,2021-05-28 15:22:54
570,PHMB520225140011042500001,사회적협동조합 나루,대구광역시,군위군,"대구광역시 군위군 군위읍 동서2길 35, 군위생활문화센타",대구광역시 군위군 군위읍 서부리 99 군위생활문화센타,43119,36.233123,128.567922,정상,054-382-1482,유선,True,영업중,2022-08-30,5,4,0,2,1,5,5141000,2022-08-30 16:07:41
571,PHMB520195140011042500002,세중보호작업장,대구광역시,군위군,대구광역시 군위군 군위읍 상곡길 75,,43112,36.239122,128.597899,정상,054-383-0054,유선,True,영업중,2019-11-07,5,3,0,1,1,5,5141000,2024-02-08 15:45:51
572,PHMB520235140011042500001,세환환경,대구광역시,군위군,대구광역시 군위군 군위읍 중앙길 43,대구광역시 군위군 군위읍 서부리 159-2,43118,36.232216,128.566463,정상,,없음,False,영업중,2023-06-15,5,3,0,1,1,5,5141000,2026-03-17 10:46:03
573,PHMB520155140011042500001,이로운 환경,대구광역시,군위군,대구광역시 군위군 군위읍 중앙길 64,,43119,36.234037,128.566464,정상,,없음,False,영업중,2015-01-08,5,5,1,1,1,5,5141000,2020-12-09 10:14:56
574,PHMB520245141017042500001,한국환경,대구광역시,군위군,대구광역시 군위군 산성면 만석길 15-7,,43159,36.107421,128.706796,정상,,없음,False,영업중,2024-02-16,5,4,0,1,2,6,5141000,2024-02-20 10:15:44
575,PHMB520265141017042500002,홍익산업,대구광역시,군위군,대구광역시 군위군 군위읍 중앙길 51,,43117,36.232881,128.565983,정상,054-383-1992,유선,True,영업중,2026-08-24,5,3,0,1,2,5,5141000,2026-08-25 13:04:05
576,PHMB520143440024042500001,(주)대명티엠에스,대구광역시,남구,"대구광역시 남구 용두방천2길 34, 2층 202호 (이천동)",대구광역시 남구 이천동 548-2 202호,42440,35.845865,128.605467,정상,053-475-2900,유선,True,영업중,2014-01-20,5,10,1,1,1,5,3440000,2026-07-22 10:36:41
577,PHMB520223440024042500005,(주)모든더케어존,대구광역시,남구,"대구광역시 남구 효서길 64, 2층 (봉덕동)",대구광역시 남구 봉덕동 1361-103,42505,35.838166,128.595275,정상,,없음,False,영업중,2020-09-21,5,3,0,1,1,5,3440000,2023-06-27 09:35:56
578,PHMB520253440024042500006,(주)상일종합관리,대구광역시,남구,"대구광역시 남구 용두방천2길 34, 3층 (이천동)",대구광역시 남구 이천동 548-2,42440,35.845865,128.605467,정상,053-744-7701,유선,True,영업중,2025-11-21,5,3,0,1,1,5,3440000,2025-11-25 11:41:39
579,PHMB520063440024042500001,(주)영원씨앤에스,대구광역시,남구,대구광역시 남구 봉덕로 6 (봉덕동),대구광역시 남구 봉덕동 1301번지 15호,42445,35.845129,128.590901,정상,053-474-0140,유선,True,영업중,2006-05-04,5,5,1,1,1,5,3440000,2024-05-03 10:21:11
580,PHMB520243440024042500002,(주)우리종합관리,대구광역시,남구,"대구광역시 남구 봉덕남로 7, 지하1층 (봉덕동)",대구광역시 남구 봉덕동 706-16,42446,35.844612,128.594649,정상,,없음,False,영업중,2020-05-11,5,3,0,1,1,5,3440000,2024-03-20 11:43:08
581,PHMB520193440024042500005,(주)정인메인티넌스,대구광역시,남구,"대구광역시 남구 봉덕로 135, 301동 2층 205호 (봉덕동, 강변 효성 백년가약)",대구광역시 남구 봉덕동 1635번지 강변 효성 백년가약,42440,35.845145,128.605026,정상,053-655-2981,유선,True,영업중,2019-06-17,5,3,0,1,1,5,3440000,2020-04-20 15:14:01
582,PHMB520243440024042500001,(주)포스원,대구광역시,남구,"대구광역시 남구 중앙대로27길 27, 2층 (대명동)",,42449,35.843712,128.589966,정상,053-793-8998,유선,True,영업중,2024-02-15,5,3,0,1,1,5,3440000,2024-02-16 13:33:25
583,PHMB520173440024042500001,강산환경,대구광역시,남구,대구광역시 남구 봉덕로6길 40-1 (봉덕동),대구광역시 남구 봉덕동 986번지 32호,42445,35.843925,128.591872,정상,053-567-8787,유선,True,영업중,2014-12-03,5,5,1,1,1,5,3440000,2019-01-21 11:12:42
584,PHMB519923440024042500001,경북방역공사,대구광역시,남구,"대구광역시 남구 대명로47길 47-1, 1층 (대명동)",대구광역시 남구 대명동 1693번지 4호,42420,35.843606,128.581918,정상,053-623-5716,유선,True,영업중,1992-02-24,5,5,1,1,1,5,3440000,2019-10-22 08:58:22
585,PHMB520263440024042500002,그린방역,대구광역시,남구,"대구광역시 남구 대명서로 21-1, 1층 (대명동)",,42500,35.829721,128.561331,정상,053-657-1977,유선,True,영업중,2026-02-10,5,3,0,1,1,5,3440000,2026-02-10 14:51:36
586,PHMB520203440024042500006,그린존,대구광역시,남구,"대구광역시 남구 성당로34길 32, 1층 (대명동)",대구광역시 남구 대명동 3040-2,42460,35.847528,128.570685,정상,,없음,False,영업중,2018-05-16,5,3,0,1,1,5,3440000,2023-11-23 09:15:16
587,PHMB520263440024042500003,누리방역 협동조합,대구광역시,남구,"대구광역시 남구 봉덕로10길 29, 102호 (봉덕동)",,42446,35.843562,128.595903,정상,,없음,False,영업중,2026-02-20,200,5,0,5,1,10,3440000,2026-02-20 14:40:57
588,PHMB520193440024042500004,다그린종합환경,대구광역시,남구,"대구광역시 남구 봉덕로6길 14, 1층 (봉덕동)",대구광역시 남구 봉덕동 600번지 24호,42445,35.844531,128.592861,정상,,없음,False,영업중,2019-05-09,5,3,0,1,1,5,3440000,2019-05-09 16:55:03
589,PHMB520183440024042500001,대구남구지역자활센터 착착클린,대구광역시,남구,대구광역시 남구 봉덕로13길 54-1 (봉덕동),대구광역시 남구 봉덕동 524번지 6호,42429,35.847444,128.597026,정상,,없음,False,영업중,2018-01-11,5,3,0,1,2,5,3440000,2023-10-25 15:11:21
590,PHMB520003440024042500001,대성종합관리,대구광역시,남구,"대구광역시 남구 현충서길 29, 상가동 지하1층 (대명동, 동아대덕아파트)",대구광역시 남구 대명동 1220번지 24호 동아대덕아파트,42464,35.845229,128.577339,정상,053-654-2522,유선,True,영업중,2000-02-29,5,5,1,1,1,5,3440000,2019-09-06 18:50:39
591,PHMB520103440024042500003,대주서비스,대구광역시,남구,대구광역시 남구 성당로 112 (대명동),대구광역시 남구 대명동 3052번지 20호,42471,35.845803,128.565507,정상,053-629-2299,유선,True,영업중,2010-05-06,5,5,1,1,1,5,3440000,2015-09-02 09:49:43
592,PHMB520203440024042500004,더존(The Zone),대구광역시,남구,"대구광역시 남구 대경1길 19, 1층 (대명동)",대구광역시 남구 대명동 3025-43,42458,35.847904,128.573897,정상,,없음,False,영업중,2020-07-17,5,3,0,1,1,5,3440000,2025-02-20 16:47:16
593,PHMB520203440024042500003,동양종합관리(주),대구광역시,남구,"대구광역시 남구 중앙대로31길 195, 2층 (대명동)",대구광역시 남구 대명동 1918번지 2호,42413,35.852264,128.583315,정상,053-270-5255,유선,True,영업중,2013-10-08,5,5,1,1,1,5,3440000,2025-05-02 18:12:45
594,PHMB520213440024042500006,룩카DMC,대구광역시,남구,"대구광역시 남구 중앙대로22길 78-2, 1층 (봉덕동)",대구광역시 남구 봉덕동 712-26,42447,35.842602,128.594701,정상,053-474-0996,유선,True,영업중,2021-06-08,5,8,0,12,1,5,3440000,2021-06-08 16:29:05
595,PHMB520183440024042500006,블루존,대구광역시,남구,"대구광역시 남구 현충로25길 47, 1층 (대명동)",대구광역시 남구 대명동 619번지 20호,42467,35.844078,128.57721,정상,053-765-8242,유선,True,영업중,2018-11-27,5,3,0,1,1,5,3440000,2018-11-29 11:21:07
596,PHMB520153440024042500002,신대구사회적협동조합,대구광역시,남구,대구광역시 남구 계명중앙1길 5-1 (대명동),대구광역시 남구 대명동 2133-53,42402,35.856881,128.580294,정상,053-267-5567,유선,True,영업중,2015-09-02,5,5,0,3,1,5,3440000,2020-12-30 22:08:28
597,PHMB520263440024042500001,에나 정보 시스템,대구광역시,남구,"대구광역시 남구 봉덕로21길 32-1, 1층 (봉덕동)",대구광역시 남구 봉덕동 741-26,42439,35.846376,128.601183,정상,,없음,False,영업중,2026-02-04,5,3,0,1,1,5,3440000,2026-02-04 16:21:46
598,PHMB520243440024042500004,엔가드대구방역,대구광역시,남구,대구광역시 남구 봉덕남로 7 (봉덕동),,42446,35.844612,128.594649,정상,,없음,False,영업중,2024-08-30,5,3,0,1,1,5,3440000,2026-07-22 10:44:55
599,PHMB520263440024042500004,예원아이엔티,대구광역시,남구,"대구광역시 남구 골안길 106-1, 1층 (대명동)",,42499,35.833791,128.562856,정상,,없음,False,영업중,2026-03-04,5,3,0,1,1,5,3440000,2026-03-04 16:58:53
600,PHMB520033440024042500001,우진종합관리(주),대구광역시,남구,대구광역시 남구 큰골길 13 (대명동),대구광역시 남구 대명동 724번지 16호,42488,35.838194,128.577538,정상,053-626-3000,유선,True,영업중,2003-05-14,5,5,1,1,1,5,3440000,2019-03-08 13:48:00
601,PHMB520263440024042500005,제로존,대구광역시,남구,대구광역시 남구 골안길 145 (대명동),,42496,35.832118,128.56332,정상,,없음,False,영업중,2026-04-23,5,3,0,1,1,5,3440000,2026-04-24 09:04:01
602,PHMB520143440024042500002,주)엘인케이,대구광역시,남구,"대구광역시 남구  삼각지4길  32, 1층 (대명동)",대구광역시 남구 대명동 1911번지 9호,42413,35.850912,128.584368,정상,053-656-2900,유선,True,영업중,2014-06-09,5,5,1,1,1,5,3440000,2019-03-08 11:01:12
603,PHMB520223440024042500001,주식회사 경북방역,대구광역시,남구,"대구광역시 남구 효서길 64, 3층 (봉덕동)",대구광역시 남구 봉덕동 1361-103,42505,35.838166,128.595275,정상,,없음,False,영업중,2022-01-12,5,3,0,1,1,5,3440000,2023-08-02 14:13:59
604,PHMB520253440024042500003,주식회사 더링크,대구광역시,남구,대구광역시 남구 봉덕로10길 29 (봉덕동),대구광역시 남구 봉덕동 699-39,42446,35.843562,128.595903,정상,,없음,False,영업중,2025-02-27,10,3,0,3,2,20,3440000,2025-08-13 14:39:30
605,PHMB520233440024042500001,주식회사 반들,대구광역시,남구,대구광역시 남구 이천로 63 (봉덕동),대구광역시 남구 봉덕동 529-20,42429,35.846915,128.598093,정상,053-355-4777,유선,True,영업중,2023-06-14,5,3,0,1,1,5,3440000,2023-06-15 10:38:56
606,PHMB520223440024042500003,주식회사 방역을디자인하다,대구광역시,남구,"대구광역시 남구 현충로50길 6, 301호 (대명동)",대구광역시 남구 대명동 1897-11,42412,35.853387,128.583719,정상,,없음,False,영업중,2022-06-28,5,3,0,1,1,5,3440000,2022-06-29 09:11:31
607,PHMB520213440024042500008,주식회사 에이치엔씨,대구광역시,남구,"대구광역시 남구 대명로 65, 세아타워 602호 (대명동)",,42480,35.839622,128.564663,정상,053-781-5577,유선,True,영업중,2021-10-27,5,3,0,1,1,5,3440000,2021-11-09 14:12:34
608,PHMB520183440024042500002,주식회사 자연,대구광역시,남구,"대구광역시 남구 현충로20길 17, 1층 (대명동)",대구광역시 남구 대명동 1687번지 8호,42420,35.841671,128.580984,정상,053-635-3530,유선,True,영업중,2013-07-23,5,5,1,1,1,5,3440000,2018-02-27 10:31:26
609,PHMB520213440024042500009,주식회사 함께하는친구,대구광역시,남구,"대구광역시 남구 봉덕로1길 8, 1층 (봉덕동)",,42430,35.845742,128.591433,정상,,없음,False,영업중,2021-12-31,5,3,0,1,1,5,3440000,2022-01-03 16:10:43
610,PHMB520133440024042500001,주식회사엔가드대구방역,대구광역시,남구,대구광역시 남구 봉덕남로 7 (봉덕동),대구광역시 남구 봉덕동 706번지 16호,42446,35.844612,128.594649,정상,053-471-7751,유선,True,영업중,2013-02-21,5,5,1,1,1,5,3440000,2019-01-18 09:45:45
611,PHMB520263440024042500006,지펠스,대구광역시,남구,"대구광역시 남구 골안길 48-3, 1층 (대명동)",,42497,35.836281,128.562064,정상,,없음,False,영업중,2026-05-18,5,3,0,1,1,5,3440000,2026-05-18 17:01:36
612,PHMB520193440024042500007,청인보호작업장,대구광역시,남구,"대구광역시 남구 성당로 102, (4, 5)층 (대명동)",대구광역시 남구 대명동 3054번지 8호,42471,35.845149,128.564639,정상,053-624-8520,유선,True,영업중,2019-09-23,5,3,0,1,1,5,3440000,2020-05-07 15:30:44
613,PHMB520213440024042500001,청쿰방역 주식회사,대구광역시,남구,"대구광역시 남구 두류공원로 117, 가동 1층 (대명동)",,42471,35.846395,128.567162,정상,,없음,False,영업중,2021-01-05,10,10,0,3,1,5,3440000,2021-01-05 18:40:46
614,PHMB520233440024042500002,코드클린,대구광역시,남구,"대구광역시 남구 봉덕로1길 53, 2층 (봉덕동)",대구광역시 남구 봉덕동 1008-15,42425,35.847853,128.591218,정상,,없음,False,영업중,2023-06-22,5,3,0,1,1,5,3440000,2025-05-19 11:12:53
615,PHMB520213440024042500007,푸른환경대구,대구광역시,남구,대구광역시 남구 대봉로19길 24(이천동),,42439,35.851991,128.601132,지오코딩_근사(행정구역중심),,없음,False,영업중,2021-10-20,5,3,0,1,2,5,3440000,2021-10-21 13:57:09
616,PHMB520203440024042500002,프로크린,대구광역시,남구,"대구광역시 남구 대명복개로 86, 1층 (대명동)",대구광역시 남구 대명동 1595번지 5호,42479,35.840505,128.563678,정상,,없음,False,영업중,2020-05-29,5,3,0,1,1,5,3440000,2020-06-03 17:02:29
617,PHMB520183440024042500004,한국방제공사,대구광역시,남구,"대구광역시 남구 대명서4길 66, 1층 (대명동)",대구광역시 남구 대명동 1553번지 17호,42499,35.832986,128.562635,정상,,없음,False,영업중,2018-06-01,5,6,0,1,1,5,3440000,2019-01-21 11:11:08
618,PHMB520193440024042500006,한일종합방역공사,대구광역시,남구,"대구광역시 남구 큰골8길 12, 대명동 (대명동)",대구광역시 남구 대명동 472번지 33호,42453,35.834912,128.584205,정상,,없음,False,영업중,2019-07-19,5,3,0,1,1,5,3440000,2020-04-20 15:12:38
619,PHMB520253440024042500005,헬프 방역,대구광역시,남구,대구광역시 남구 봉덕로10길 29 (봉덕동),대구광역시 남구 봉덕동 699-39,42446,35.843562,128.595903,정상,,없음,False,영업중,2021-01-26,5,3,0,3,1,5,3440000,2025-08-22 16:38:46
620,PHMB520103440024042500004,환경길라잡이,대구광역시,남구,"대구광역시 남구 현충서길 51, 우진하이츠 101호 (대명동)",대구광역시 남구 대명동 3007-52 우진하이츠,42464,35.846438,128.578281,정상,,없음,False,영업중,2010-06-07,5,5,1,1,1,5,3440000,2025-03-09 13:15:06
621,PHMB520213470022042500005,(주) 위더피플,대구광역시,달서구,"대구광역시 달서구 와룡로49길 12, 1층 (죽전동)",대구광역시 달서구 죽전동 375-8,42631,35.854411,128.536416,정상,,없음,False,영업중,2021-02-19,5,3,0,1,1,5,3470000,2025-02-04 11:27:32
622,PHMB520213470022042500008,(주) 팔봉,대구광역시,달서구,"대구광역시 달서구 달구벌대로 1834, 성안오피스텔1701호 (두류동)",대구광역시 달서구 두류동 87-36 성안오피스텔,42661,35.859988,128.565308,정상,,없음,False,영업중,2021-03-12,5,3,0,1,1,5,3470000,2021-03-19 11:05:39
623,PHMB520243470022042500009,(주)경맥에프엠,대구광역시,달서구,"대구광역시 달서구 상화로 13, 3층 (진천동)",대구광역시 달서구 진천동 749-6,42777,35.810263,128.517317,정상,053-327-2775,유선,True,영업중,2024-06-12,5,3,0,1,1,5,3470000,2025-02-14 14:11:24
624,PHMB520213470022042500020,(주)광명티엠씨,대구광역시,달서구,"대구광역시 달서구 성서로 375, 4층 (이곡동)",대구광역시 달서구 이곡동 1000-267,42703,35.850917,128.50681,정상,,없음,False,영업중,2021-11-17,5,3,0,1,1,5,3470000,2021-11-17 16:06:13
625,PHMB520203470022042500021,(주)굿모닝디엔씨,대구광역시,달서구,"대구광역시 달서구 상화로8길 40, 4층 (대곡동)",대구광역시 달서구 대곡동 57-1,42765,35.808393,128.514813,정상,1644-5489,대표번호,True,영업중,2020-09-17,5,3,0,1,1,5,3470000,2024-07-08 17:15:10
626,PHMB520133470022042500001,(주)금상,대구광역시,달서구,"대구광역시 달서구 월곡로 184, 상인리빙프라자 505호 (상인동)",대구광역시 달서구 상인동 1525번지 1호 상인리빙프라자,42811,35.81266,128.54501,정상,053-639-6360,유선,True,영업중,2013-01-16,5,5,1,1,1,5,3470000,2024-07-15 09:26:28
627,PHMB520143470022042500002,(주)나눔크로바,대구광역시,달서구,"대구광역시 달서구 달서대로85길 27, 1층 (호림동)",대구광역시 달서구 호림동 13-2,42714,35.836909,128.488764,정상,053-639-7114,유선,True,영업중,2014-11-18,5,3,1,2,2,5,3470000,2024-07-10 09:44:39
628,PHMB520063470022042500006,(주)대경환경,대구광역시,달서구,"대구광역시 달서구 용산로 17, 3층 (본리동)",대구광역시 달서구 본리동 1209-2,42691,35.838905,128.53039,정상,,없음,False,영업중,2006-12-06,6,6,1,1,1,5,3470000,2024-07-09 17:02:02
629,PHMB520173470022042500011,(주)드림유니온,대구광역시,달서구,"대구광역시 달서구 월배로 115, 2층 (진천동)",대구광역시 달서구 진천동 95번지 20호 2층,42784,35.814911,128.527121,정상,053-636-6399,유선,True,영업중,2017-05-23,5,3,0,1,1,5,3470000,2017-05-23 17:05:59
630,PHMB520193470022042500001,(주)디에스시스템,대구광역시,달서구,대구광역시 달서구 두류공원로28길 12 (성당동),대구광역시 달서구 성당동 117-5,42670,35.848117,128.566981,정상,,없음,False,영업중,2019-02-21,5,3,0,1,1,5,3470000,2024-08-08 10:33:13
631,PHMB520073470022042500003,(주)부림산업,대구광역시,달서구,"대구광역시 달서구 구마로 97, 2층 207호 (본리동, 유림노르웨이아침)",대구광역시 달서구 본리동 352-4 유림노르웨이아침,42684,35.837776,128.538393,정상,,없음,False,영업중,2007-06-01,5,5,1,1,1,5,3470000,2024-07-09 16:59:34
632,PHMB520103470022042500005,(주)세스코 대구서부지역단,대구광역시,달서구,"대구광역시 달서구 와룡로 1, 3층 (본동)",대구광역시 달서구 본동 1135-4,42729,35.832761,128.537701,정상,053-521-0844,유선,True,영업중,2010-05-04,5,8,0,2,1,5,3470000,2026-04-08 13:37:28
633,PHMB520203470022042500022,(주)세존,대구광역시,달서구,"대구광역시 달서구 성당로 125, 2층 201호 (성당동)",대구광역시 달서구 성당동 127-6,42673,35.846635,128.565662,정상,053-286-7779,유선,True,영업중,2020-10-07,10,5,0,4,1,5,3470000,2021-02-24 09:17:18
634,PHMB520263470022042500002,(주)에이스 환경클린,대구광역시,달서구,"대구광역시 달서구 구마로 212, 3층 (송현동)",대구광역시 달서구 송현동 55-1,42736,35.836798,128.550959,정상,,없음,False,영업중,2026-03-10,5,3,0,1,1,5,3470000,2026-03-12 15:06:34
635,PHMB520163470022042500006,(주)영남환경,대구광역시,달서구,"대구광역시 달서구 장기로 49, 2층 (성당동)",대구광역시 달서구 성당동 486번지 2호,42679,35.842602,128.555102,정상,,없음,False,영업중,2016-07-04,5,3,0,1,1,5,3470000,2018-07-12 17:11:22
636,PHMB520203470022042500015,(주)예천에스엠비,대구광역시,달서구,"대구광역시 달서구 장기로 201-1, 3층 (본리동)",대구광역시 달서구 본리동 62-17,42674,35.8433,128.538327,정상,,없음,False,영업중,2020-07-16,5,3,0,1,1,5,3470000,2023-05-16 13:35:38
637,PHMB520213470022042500007,(주)원케어토탈솔루션,대구광역시,달서구,대구광역시 달서구 중흥로12길 63 (송현동),,42819,35.827009,128.555978,정상,,없음,False,영업중,2021-03-09,5,3,0,2,1,5,3470000,2024-07-18 16:06:28
638,PHMB520213470022042500009,(주)이노이앤씨,대구광역시,달서구,"대구광역시 달서구 달구벌대로264길 20, 202호 (이곡동)",대구광역시 달서구 이곡동 1000-110,42696,35.849826,128.511333,정상,053-584-8858,유선,True,영업중,2021-03-15,5,3,0,1,1,5,3470000,2021-08-13 11:04:09
639,PHMB520073470022042500005,(주)이테크,대구광역시,달서구,"대구광역시 달서구 와룡로 1, 2층 (본동)",대구광역시 달서구 본동 1135-4,42729,35.832761,128.537701,정상,,없음,False,영업중,2007-08-27,5,5,1,1,1,5,3470000,2024-07-15 09:19:13
640,PHMB520213470022042500019,(주)주승에스엔에이,대구광역시,달서구,"대구광역시 달서구 학산로 198, 2층 (송현동)",대구광역시 달서구 송현동 500-28,42739,35.833651,128.54806,정상,053-641-0110,유선,True,영업중,2021-11-09,5,3,0,1,1,5,3470000,2026-09-14 17:42:10
641,PHMB520213470022042500016,(주)지성엔테크,대구광역시,달서구,"대구광역시 달서구 조암로14길 13, 3층 (월성동)",대구광역시 달서구 월성동 1437-2,42754,35.824103,128.52164,정상,,없음,False,영업중,2021-07-19,5,3,0,1,1,5,3470000,2025-03-19 11:10:01
642,PHMB520063470022042500002,(주)진성티에스,대구광역시,달서구,"대구광역시 달서구 월곡로 141, 4층 (상인동)",대구광역시 달서구 상인동 1177번지 9호,42795,35.809376,128.547303,정상,,없음,False,영업중,2006-04-07,5,5,1,1,1,5,3470000,2024-08-29 16:06:44
643,PHMB520233470022042500005,(주)천원이엔지,대구광역시,달서구,"대구광역시 달서구 월곡로 184, 상인리빙프라자 5층 504호 (상인동)",대구광역시 달서구 상인동 1525-1 상인리빙프라자,42811,35.81266,128.54501,정상,,없음,False,영업중,2023-08-16,5,3,0,1,1,5,3470000,2023-08-16 11:48:47
644,PHMB520213470022042500018,(주)청보티엠,대구광역시,달서구,"대구광역시 달서구 달서대로 719, 2층 201호 (신당동, 신당한화 꿈에그린 아파트)",대구광역시 달서구 신당동 682-30 신당한화 꿈에그린 아파트,42600,35.863684,128.489456,정상,053-782-8820,유선,True,영업중,2019-04-10,5,10,1,1,1,5,3470000,2021-09-10 13:14:32
645,PHMB519993470022042500002,(주)청솔종합관리,대구광역시,달서구,"대구광역시 달서구 월곡로 171, 1동 202호 (상인동, 보라아파트상가)",대구광역시 달서구 상인동 1106번지 1호 보라아파트상가 1동 202호,42795,35.810965,128.545166,정상,,없음,False,영업중,2002-05-29,5,6,1,1,1,5,3470000,2025-07-01 13:48:30
646,PHMB520083470022042500003,(주)태영종합관리,대구광역시,달서구,대구광역시 달서구 구마로26안길 59 (본동),대구광역시 달서구 본동 1030,42733,35.835463,128.538138,정상,053-584-7484,유선,True,영업중,2008-12-08,5,5,1,1,1,5,3470000,2021-06-02 15:47:01
647,PHMB520123470022042500001,(주)한울타리종합관리,대구광역시,달서구,"대구광역시 달서구 성서로 393, 10층 1008호 (이곡동, 로얄팰리스)",대구광역시 달서구 이곡동 1220-12 로얄팰리스,42612,35.852648,128.506627,정상,053-563-3939,유선,True,영업중,2012-03-06,5,5,1,1,1,5,3470000,2024-07-15 09:25:33
648,PHMB520253470022042500005,(주)행복한동행,대구광역시,달서구,"대구광역시 달서구 성서로 329, 2층 201호 (갈산동)",대구광역시 달서구 갈산동 100-32,42703,35.846707,128.506478,정상,053-584-2520,유선,True,영업중,2019-10-25,5,3,0,1,1,5,3470000,2025-09-10 10:40:05
649,PHMB520033470022042500001,(주)행복한세상,대구광역시,달서구,"대구광역시 달서구 와룡로43길 70, 3층 (용산동)",대구광역시 달서구 용산1동 898번지 7호,42632,35.852106,128.533178,정상,053-524-1231,유선,True,영업중,2003-04-24,5,5,1,1,1,5,3470000,2026-03-06 11:59:31
650,PHMB520113470022042500008,(주)현창씨엠,대구광역시,달서구,"대구광역시 달서구 조암남로 42, 트럼프스타 월성동 4층 402-2호 (월성동)",대구광역시 달서구 월성동 1264번지 트럼프스타,42756,35.821752,128.528064,정상,053-643-7801,유선,True,영업중,2011-10-25,5,5,1,1,1,5,3470000,2024-07-15 09:26:59
651,PHMB520223470022042500003,(주)홍당무,대구광역시,달서구,"대구광역시 달서구 성서공단북로 235, 공장동 111호 (신당동)",대구광역시 달서구 신당동 1893,42702,35.845132,128.498802,정상,053-624-1559,유선,True,영업중,2020-04-09,10,3,0,1,1,4,3470000,2026-02-27 17:13:53
652,PHMB520253470022042500006,TCH종합관리,대구광역시,달서구,"대구광역시 달서구 앞산순환로39안길 18, 1층 101호 (송현동, 프리맨)",대구광역시 달서구 송현동 1957-10 프리맨,42825,35.82264,128.551598,정상,,없음,False,영업중,2025-08-13,2,3,0,1,1,2,3470000,2025-12-01 15:43:16
653,PHMB520043470022042500002,가나안환경,대구광역시,달서구,"대구광역시 달서구 월배로24길 13, 월배시장 A동 1층 65호 (진천동)",대구광역시 달서구 진천동 241번지 3호 월배시장,42801,35.813971,128.527645,정상,,없음,False,영업중,2004-10-20,5,8,1,1,1,5,3470000,2025-01-23 14:54:50
654,PHMB520233470022042500001,강인종합관리,대구광역시,달서구,"대구광역시 달서구 야외음악당로49안길 13, 1층 (두류동)",대구광역시 달서구 두류동 144-9,42659,35.855999,128.560843,정상,,없음,False,영업중,2023-02-22,5,3,1,1,1,5,3470000,2024-07-08 13:54:37
655,PHMB520183470022042500005,그린F5대구수성달서본부(해피라이프),대구광역시,달서구,"대구광역시 달서구 문화회관길 165, 출판산업지원센터 508호 (장기동)",대구광역시 달서구 장기동 836번지 1호,42699,35.843755,128.524393,정상,,없음,False,영업중,2018-05-18,5,3,0,1,1,5,3470000,2019-07-12 17:43:27
656,PHMB520203470022042500001,그린라인 대구경북센터,대구광역시,달서구,"대구광역시 달서구 월곡로43길 26, 1층 102호 (상인동)",대구광역시 달서구 상인동 522-1,42786,35.813396,128.541096,정상,,없음,False,영업중,2020-01-02,40,7,0,5,1,5,3470000,2026-06-10 14:22:24
657,PHMB520183470022042500002,남경종합관리(주),대구광역시,달서구,"대구광역시 달서구 진천로3길 87, 1층 (진천동)",대구광역시 달서구 진천동 470번지 3호,42776,35.810062,128.521514,정상,053-588-2667,유선,True,영업중,2007-01-16,20,20,1,1,2,20,3470000,2025-09-01 14:18:40
658,PHMB520033470022042500003,남송환경,대구광역시,달서구,대구광역시 달서구 송현로 108-10 (송현동),대구광역시 달서구 송현동 1909번지 26호,42743,35.826974,128.54472,정상,,없음,False,영업중,2003-07-10,5,5,1,1,1,5,3470000,2025-03-06 17:32:41
659,PHMB520223470022042500007,다다홈케어,대구광역시,달서구,"대구광역시 달서구 송현로16길 43, 1동 3호 (송현동, 월성아파트)",대구광역시 달서구 송현동 1911 월성아파트,42743,35.826291,128.544447,정상,,없음,False,영업중,2022-12-30,5,3,0,1,1,5,3470000,2025-05-07 13:12:34
660,PHMB520013470022042500002,닥터크리너,대구광역시,달서구,"대구광역시 달서구 송현로 6, 4층 (송현동)",대구광역시 달서구 송현동 1950번지 20호 4층,42825,35.820791,128.550778,정상,,없음,False,영업중,2001-03-21,5,5,1,1,1,5,3470000,2025-12-02 13:43:37
661,PHMB520173470022042500010,달서시니어클럽백세GREEN,대구광역시,달서구,"대구광역시 달서구 감삼1길 96, 2층 (감삼동)",대구광역시 달서구 감삼동 282번지 4호 2층,42653,35.845592,128.538141,정상,053-626-8310,유선,True,영업중,2017-05-17,29,3,0,2,1,5,3470000,2025-08-28 14:33:38
662,PHMB520173470022042500009,대구광역시학교안전공제회,대구광역시,달서구,"대구광역시 달서구 당산로 121, 106호 (감삼동, 대구광역시교육연수원)",대구광역시 달서구 감삼동 198번지 4호 대구광역시교육연수원 106호,42651,35.848131,128.544825,정상,053-231-0922,유선,True,영업중,2003-08-01,5,5,1,1,1,5,3470000,2024-07-11 14:05:52
663,PHMB520153470022042500001,대구달서행복지역자활센터,대구광역시,달서구,대구광역시 달서구 상화로 373 (상인동),대구광역시 달서구 상인동 1564번지 상인비둘기아파트2단지,42813,35.80897,128.555533,정상,053-644-1080,유선,True,영업중,2015-01-19,5,5,0,2,2,5,3470000,2024-08-27 15:16:49
664,PHMB520263470022042500007,대한종합환경,대구광역시,달서구,"대구광역시 달서구 월곡로28길 21, 1층 (상인동)",대구광역시 달서구 상인동 1175-1,42815,35.810044,128.54787,정상,,없음,False,영업중,2026-06-16,4,3,0,1,2,4,3470000,2026-06-16 11:21:21
665,PHMB520243470022042500014,대호건설,대구광역시,달서구,"대구광역시 달서구 야외음악당로 103, 2층 (성당동)",대구광역시 달서구 성당동 670-25,42655,35.846304,128.551458,정상,,없음,False,영업중,2024-12-05,5,3,0,1,1,5,3470000,2024-12-05 13:42:15
666,PHMB519983470022042500002,도시환경(주),대구광역시,달서구,대구광역시 달서구 와룡로43길 70 (용산동),대구광역시 달서구 용산동 898번지 7호,42632,35.852106,128.533178,정상,,없음,False,영업중,1999-10-18,5,5,1,1,1,5,3470000,2024-07-15 09:16:53
667,PHMB520213470022042500001,동건텍,대구광역시,달서구,"대구광역시 달서구 달구벌대로 1732-17, 1층 (두류동)",대구광역시 달서구 두류동 487-9,42646,35.856332,128.555077,정상,,없음,False,영업중,2021-01-04,5,3,0,3,1,5,3470000,2021-01-04 11:35:37
668,PHMB520213470022042500013,동명이엔지(주),대구광역시,달서구,대구광역시 달서구 달구벌대로378길 156 (두류동),대구광역시 달서구 두류동 1253-4,42665,35.854858,128.570134,정상,,없음,False,영업중,2021-06-07,5,3,0,1,1,5,3470000,2025-09-01 14:13:52
669,PHMB520213470022042500011,두드림주식회사,대구광역시,달서구,"대구광역시 달서구 상화북로 209, 6층 601호 (상인동)",대구광역시 달서구 상인동 1546-5,42806,35.814625,128.548033,정상,053-721-8951,유선,True,영업중,2021-04-06,5,3,0,1,1,5,3470000,2024-07-29 14:18:54
670,PHMB520193470022042500004,디앤피,대구광역시,달서구,"대구광역시 달서구 학산로47길 13, 1층 (송현동)",대구광역시 달서구 송현동 118번지 1호,42736,35.834543,128.551352,정상,053-621-5414,유선,True,영업중,2019-11-25,5,3,0,1,1,5,3470000,2024-07-09 13:38:06
671,PHMB520263470022042500006,디엔에이치 종합관리,대구광역시,달서구,"대구광역시 달서구 두류공원로50길 100, 1층 (두류동)",대구광역시 달서구 두류동 112-10,42660,35.857725,128.564081,정상,,없음,False,영업중,2026-06-02,4,3,0,1,10,4,3470000,2026-06-02 11:20:20
672,PHMB520263470022042500011,리본클린,대구광역시,달서구,"대구광역시 달서구 장기로 7, 1층 (성당동)",대구광역시 달서구 성당동 198-62,42679,35.839754,128.557644,정상,,없음,False,영업중,2026-09-02,5,3,0,1,1,5,3470000,2026-09-02 13:53:17
673,PHMB520253470022042500004,마스터클린홈케어 달서점,대구광역시,달서구,"대구광역시 달서구 서당로9길 55, 5층 5A-2호 (신당동)",대구광역시 달서구 신당동 1721-1,42608,35.855917,128.492463,정상,,없음,False,영업중,2025-03-17,2,3,0,1,1,2,3470000,2025-03-17 14:59:01
674,PHMB520263470022042500008,바른종합관리,대구광역시,달서구,"대구광역시 달서구 구마로 212, 3층 (송현동)",대구광역시 달서구 송현동 55-1,42736,35.836798,128.550959,정상,,없음,False,영업중,2026-07-16,5,3,0,1,1,5,3470000,2026-07-16 14:16:43
675,PHMB520263470022042500010,방역수비대,대구광역시,달서구,"대구광역시 달서구 상화북로 195, 상가동 지하층 B04호 (상인동, 상인성지한서타운)",대구광역시 달서구 상인동 1522 상인성지한서타운,42812,35.814524,128.546805,정상,,없음,False,영업중,2026-08-31,5,3,0,1,1,5,3470000,2026-08-31 13:49:27
676,PHMB520133470022042500002,베스트원,대구광역시,달서구,"대구광역시 달서구 와룡로32길 83, 1층 (감삼동)",대구광역시 달서구 감삼동 182번지 10호,42652,35.846225,128.541911,정상,070-8196-5119,인터넷전화,True,영업중,2013-02-13,5,5,1,1,1,5,3470000,2019-01-19 17:10:20
677,PHMB520103470022042500008,베스트환경,대구광역시,달서구,"대구광역시 달서구 와룡로4길 3, 1층 (본동)",대구광역시 달서구 본동 987,42733,35.834411,128.537838,정상,053-270-8220,유선,True,영업중,2010-11-25,5,5,1,1,1,5,3470000,2022-05-24 13:22:26
678,PHMB520173470022042500005,블루원,대구광역시,달서구,대구광역시 달서구 중흥로11길 12 (송현동),대구광역시 달서구 송현동 2011번지 5호,42817,35.829793,128.558512,정상,053-626-8409,유선,True,영업중,2017-03-24,5,3,0,1,1,5,3470000,2017-03-24 11:49:12
679,PHMB520213470022042500017,비케이종합관리,대구광역시,달서구,"대구광역시 달서구 당산로 107-1, 1층 (감삼동)",대구광역시 달서구 감삼동 207-13,42651,35.847091,128.544875,정상,,없음,False,영업중,2021-08-18,5,3,0,1,1,5,3470000,2024-12-31 17:12:03
680,PHMB520243470022042500005,사회복지법인 자용복지재단,대구광역시,달서구,"대구광역시 달서구 죽전4길 40, 3층 (감삼동)",대구광역시 달서구 감삼동 52-2,42640,35.854808,128.54237,정상,053-565-1822,유선,True,영업중,2024-03-13,5,3,0,1,1,5,3470000,2024-03-13 16:13:19
681,PHMB520203470022042500023,세존(SEZON)대구서부지사,대구광역시,달서구,"대구광역시 달서구 성당로 125, 2층 203호 (성당동)",대구광역시 달서구 성당동 127-6,42673,35.846635,128.565662,정상,,없음,False,영업중,2018-08-20,5,3,0,1,1,5,3470000,2020-10-08 16:37:54
682,PHMB520073470022042500004,에어존,대구광역시,달서구,대구광역시 달서구 상화로7길 148 (진천동),대구광역시 달서구 진천동 291번지 2호,42774,35.809481,128.526477,정상,,없음,False,영업중,2007-07-13,5,5,1,1,1,5,3470000,2024-07-15 09:24:46
683,PHMB520213470022042500014,에이팜통상,대구광역시,달서구,"대구광역시 달서구 상화북로 195, 상가동 지하층 B4호 (상인동, 상인성지한서타운)",대구광역시 달서구 상인동 1522 상인성지한서타운,42812,35.814524,128.546805,정상,,없음,False,영업중,2021-06-23,5,3,0,1,1,5,3470000,2021-06-23 15:40:55
684,PHMB520183470022042500001,엔케이 주식회사(영남지사),대구광역시,달서구,대구광역시 달서구 성서동로66길 6 (장기동),대구광역시 달서구 장기동 151번지 4호,42698,35.849524,128.516137,정상,1899-2055,대표번호,True,영업중,2018-01-09,10,3,0,1,1,5,3470000,2025-06-26 09:36:53
685,PHMB520263470022042500004,여성장애인보호작업장,대구광역시,달서구,"대구광역시 달서구 월배로 410, 4층 (송현동)",대구광역시 달서구 송현동 220-3,42818,35.830803,128.552016,정상,053-637-6054,유선,True,영업중,2026-03-20,5,4,0,3,3,7,3470000,2026-03-20 15:25:37
686,PHMB520153470022042500009,예스크린업,대구광역시,달서구,대구광역시 달서구 월곡로53길 55 (상인동),대구광역시 달서구 상인동 1411번지 4호,42787,35.8162,128.53628,정상,,없음,False,영업중,2015-07-01,5,3,0,1,1,5,3470000,2024-07-11 13:48:32
687,PHMB520263470022042500003,오케이 이노베이션,대구광역시,달서구,"대구광역시 달서구 호산로2길 49, 2층 (호산동)",대구광역시 달서구 호산동 705-12,42712,35.841018,128.483619,정상,,없음,False,영업중,2026-03-13,11,3,0,1,1,5,3470000,2026-03-13 16:35:46
688,PHMB520223470022042500001,온누리종합관리,대구광역시,달서구,"대구광역시 달서구 문화회관길 250, 2층 201호 (장동)",대구광역시 달서구 장동 27-7,42699,35.839707,128.524232,정상,053-566-1008,유선,True,영업중,2022-01-17,5,3,0,1,1,5,3470000,2022-12-23 14:33:54
689,PHMB520243470022042500006,온셰어,대구광역시,달서구,"대구광역시 달서구 장산로 55, 401,402호 (용산동)",대구광역시 달서구 용산동 612-1,42636,35.853558,128.524132,정상,,없음,False,영업중,2024-03-15,5,3,0,1,1,5,3470000,2024-03-15 16:43:38
690,PHMB520243470022042500013,원스톱수클린,대구광역시,달서구,"대구광역시 달서구 월배로24길 13, 월배시장 A동 2층 2호, 18호 (진천동)",대구광역시 달서구 진천동 241-3 월배시장,42801,35.813971,128.527645,정상,,없음,False,영업중,2024-11-21,5,3,0,1,1,5,3470000,2024-11-26 11:52:45
691,PHMB520013470022042500001,원종합관리(주),대구광역시,달서구,대구광역시 달서구 미리샘길 17-7 (도원동),대구광역시 달서구 도원동 1447번지 7호,42838,35.806949,128.543982,정상,,없음,False,영업중,2001-05-22,5,5,1,1,1,5,3470000,2024-11-26 14:53:04
692,PHMB520243470022042500004,원케어존,대구광역시,달서구,"대구광역시 달서구 장기로 39, 302호 (성당동)",대구광역시 달서구 성당동 482-4,42679,35.842226,128.555636,정상,,없음,False,영업중,2024-03-13,5,3,0,1,1,5,3470000,2024-07-17 15:28:45
693,PHMB520033470022042500004,웜클린종합방역,대구광역시,달서구,대구광역시 달서구 송현로16길 66 (송현동),대구광역시 달서구 송현동 1917번지 11호,42742,35.826909,128.545657,정상,,없음,False,영업중,2003-09-06,5,5,1,1,1,5,3470000,2024-09-11 17:18:38
694,PHMB520163470022042500013,이노,대구광역시,달서구,"대구광역시 달서구 선원로 241, 상가 201동 지하층 5호 내 제3호 (용산동, 성서2차보성타운)",대구광역시 달서구 용산동 501번지 2호 내 제3호(성서2차보성타운) 상가201동 지하5호,42606,35.859411,128.518549,정상,053-261-1717,유선,True,영업중,2014-08-18,7,3,1,1,1,5,3470000,2023-04-12 13:25:31
695,PHMB520203470022042500014,일등상사,대구광역시,달서구,"대구광역시 달서구 중흥로12길 63, 1층 (송현동)",대구광역시 달서구 송현동 1987-9,42819,35.827009,128.555978,정상,,없음,False,영업중,2020-07-10,5,3,0,1,1,5,3470000,2024-07-18 16:11:03
696,PHMB520213470022042500006,제로퍼펙방역,대구광역시,달서구,대구광역시 달서구 송현로 125 (송현동),,42746,35.828786,128.543972,정상,,없음,False,영업중,2021-02-24,5,3,0,1,1,5,3470000,2021-02-24 13:34:28
697,PHMB520063470022042500003,주식회사 그린지대,대구광역시,달서구,"대구광역시 달서구 선원로 241, 상가 201동 지하1층 5호 내 제1호 (용산동, 성서2차보성타운)",대구광역시 달서구 용산동 501번지 2호 성서2차보성타운  상가201동 지하-5호,42606,35.859411,128.518549,정상,,없음,False,영업중,2006-05-02,5,5,1,1,1,5,3470000,2020-08-10 09:49:44
698,PHMB520203470022042500011,주식회사 대구주거환경개선센터,대구광역시,달서구,"대구광역시 달서구 송현로 113, 204호 (송현동, 본동주공임대아파트)",대구광역시 달서구 송현동 977-2 본동주공임대아파트,42746,35.828002,128.543254,정상,053-657-1230,유선,True,영업중,2020-05-20,5,3,0,1,1,5,3470000,2025-07-22 11:40:04
699,PHMB520153470022042500004,주식회사 명진티엠에스,대구광역시,달서구,"대구광역시 달서구 와룡로 91, 2층 (본리동)",대구광역시 달서구 본리동 381번지 3호,42693,35.840916,128.536513,정상,053-654-3500,유선,True,영업중,2015-02-10,5,4,0,1,4,5,3470000,2024-07-15 09:24:03
700,PHMB520163470022042500011,주식회사 에이스환경,대구광역시,달서구,대구광역시 달서구 와룡로4길 3 (본동),대구광역시 달서구 본동 987번지,42733,35.834411,128.537838,정상,053-526-0367,유선,True,영업중,2016-11-04,5,7,0,1,3,5,3470000,2025-03-06 14:38:52
701,PHMB520243470022042500008,주식회사 제이피크린,대구광역시,달서구,"대구광역시 달서구 당산로41서길 22-11, 101호 (감삼동)",대구광역시 달서구 감삼동 54-13,42641,35.854931,128.544436,정상,,없음,False,영업중,2024-05-31,5,3,0,1,1,5,3470000,2024-05-31 11:55:18
702,PHMB520263470022042500005,주식회사 청소백신,대구광역시,달서구,"대구광역시 달서구 성서서로75길 23-3, 1층 101호 (신당동)",대구광역시 달서구 신당동 1757-12,42609,35.85836,128.498475,정상,,없음,False,영업중,2026-05-21,30,5,0,2,5,4,3470000,2026-05-21 10:16:03
703,PHMB520203470022042500020,주식회사 태운클린,대구광역시,달서구,"대구광역시 달서구 달구벌대로 1726, 12층 1201호 (두류동)",대구광역시 달서구 두류동 489-10,42646,35.856346,128.554177,정상,,없음,False,영업중,2020-09-10,5,3,0,1,4,5,3470000,2024-09-04 15:34:51
704,PHMB520173470022042500013,주식회사 한마음환경,대구광역시,달서구,대구광역시 달서구 성서동로65길 40 (이곡동),대구광역시 달서구 이곡동 1000번지 309호,42696,35.850311,128.51349,정상,053-626-1230,유선,True,영업중,2017-07-06,5,5,0,1,1,5,3470000,2024-07-29 15:14:24
705,PHMB520213470022042500012,주식회사 한조,대구광역시,달서구,"대구광역시 달서구 월곡로 294-2, 에스앤시티 101동 606호 (상인동)",대구광역시 달서구 상인동 70-3 에스앤시티,42748,35.819605,128.537771,정상,,없음,False,영업중,2021-04-14,5,3,0,1,1,5,3470000,2021-08-13 10:58:46
706,PHMB520233470022042500006,주식회사에이치엠정보기술,대구광역시,달서구,"대구광역시 달서구 한들로 70, 20동 203호 (장기동, 장기파랑새마을)",대구광역시 달서구 장기동 814-1 장기파랑새마을,42685,35.84529,128.526846,정상,,없음,False,영업중,2023-11-20,5,3,0,1,1,5,3470000,2026-06-19 11:38:20
707,PHMB520203470022042500004,준토탈디자인랩,대구광역시,달서구,"대구광역시 달서구 중흥로16길 35, 지하 1층 (송현동)",대구광역시 달서구 송현동 1990번지 19호,42819,35.827258,128.557875,정상,,없음,False,영업중,2020-03-03,10,4,0,2,5,10,3470000,2024-08-05 10:23:24
708,PHMB520263470022042500009,청심토탈케어,대구광역시,달서구,"대구광역시 달서구 야외음악당로11길 43, 1층 (성당동)",대구광역시 달서구 성당동 504-2,42678,35.841521,128.550438,정상,,없음,False,영업중,2026-07-27,5,3,0,1,2,4,3470000,2026-07-27 13:16:05
709,PHMB520213470022042500003,청하종합개발,대구광역시,달서구,"대구광역시 달서구 선원로 272, 3층 (용산동)",대구광역시 달서구 용산동 499-5,42617,35.858484,128.522205,정상,,없음,False,영업중,2021-01-06,10,3,0,2,1,5,3470000,2023-12-14 10:44:29
710,PHMB520213470022042500015,친환경방역에코스,대구광역시,달서구,대구광역시 달서구 장기로 47(성당동),대구광역시 달서구 성당동 486-3,42679,35.842645,128.555225,정상,,없음,False,영업중,2021-07-08,5,7,1,1,1,5,3470000,2024-07-15 09:28:20
711,PHMB519993470022042500003,코비코(cobico),대구광역시,달서구,"대구광역시 달서구 월배로85길 13, 2층 (송현동)",대구광역시 달서구 송현동 183-63,42739,35.832716,128.551961,정상,,없음,False,영업중,1999-03-17,5,3,0,1,1,5,3470000,2025-07-10 09:12:26
712,PHMB520193470022042500005,클로젝 방역,대구광역시,달서구,대구광역시 달서구 성서로67길 59 (갈산동),대구광역시 달서구 갈산동 152-6,42703,35.846601,128.500683,정상,,없음,False,영업중,2019-12-09,5,3,0,1,1,5,3470000,2026-08-31 13:34:41
713,PHMB520243470022042500010,클린마스터,대구광역시,달서구,"대구광역시 달서구 조암로10길 27-6, 1층 (월성동)",대구광역시 달서구 월성동 806-1,42754,35.825603,128.522293,정상,,없음,False,영업중,2024-06-19,5,3,0,1,1,5,3470000,2024-06-19 16:22:06
714,PHMB520153470022042500006,킬러스 세기위생방역,대구광역시,달서구,"대구광역시 달서구 월배로69안길 22, 1층 (송현동)",대구광역시 달서구 송현동 1907-19,42743,35.828527,128.545749,정상,053-421-5119,유선,True,영업중,2015-05-15,5,5,0,3,1,5,3470000,2025-03-06 17:18:15
715,PHMB520243470022042500003,패스트블랙,대구광역시,달서구,대구광역시 달서구 성당로39길 50 (성당동),대구광역시 달서구 성당동 58-19,42669,35.852109,128.570252,정상,,없음,False,영업중,2022-08-19,5,3,0,3,1,5,3470000,2024-01-29 11:17:09
716,PHMB520213470022042500010,퓨어존,대구광역시,달서구,대구광역시 달서구 중흥로4길 11 (송현동),대구광역시 달서구 송현동 2003-2,42818,35.832096,128.554921,정상,,없음,False,영업중,2021-03-16,5,3,0,1,1,5,3470000,2021-03-16 16:01:39
717,PHMB520233470022042500002,하나방역 대구남부지사,대구광역시,달서구,대구광역시 달서구 성당로33길 105(두류동),대구광역시 달서구 두류동 1337-9,42667,35.852728,128.569957,정상,,없음,False,영업중,2023-03-03,5,3,0,1,1,5,3470000,2023-03-03 09:52:18
718,PHMB520033470022042500002,하나이엔지(주),대구광역시,달서구,대구광역시 달서구 와룡로13길 19 (본리동),대구광역시 달서구 본리동 404번지 5호,42694,35.837924,128.535614,정상,,없음,False,영업중,2003-07-10,5,5,1,1,1,5,3470000,2024-07-09 17:43:37
719,PHMB520173470022042500007,한사랑소독케어,대구광역시,달서구,"대구광역시 달서구 와룡로43길 41, 1층 (죽전동)",대구광역시 달서구 죽전동 263번지 2호,42633,35.851756,128.534683,정상,053-564-1007,유선,True,영업중,2017-04-03,5,3,0,1,1,5,3470000,2025-03-06 17:06:30
720,PHMB520263470022042500001,한얼씨앤엠,대구광역시,달서구,"대구광역시 달서구 월배로24길 13, 월배시장 A동 127, 128, 129호 (진천동)",,42801,35.813971,128.527645,정상,,없음,False,영업중,2026-01-08,5,3,0,1,1,5,3470000,2026-01-08 15:32:11
721,PHMB520193470022042500002,해충방역 캐치원,대구광역시,달서구,대구광역시 달서구 장기로 47(성당동),대구광역시 달서구 성당동 486-3,42679,35.842645,128.555225,정상,053-522-3051,유선,True,영업중,2019-03-14,5,3,0,3,1,5,3470000,2025-11-28 15:43:15
722,PHMB520163470022042500007,행복누리 장애인보호작업장(사단법인 한국 장애인 문화예술협회),대구광역시,달서구,대구광역시 달서구 성서서로19길 36 (월암동),대구광역시 달서구 월암동 1번지 166호,42718,35.833526,128.496032,정상,,없음,False,영업중,2016-08-19,5,3,0,1,1,5,3470000,2025-11-25 17:06:14
723,PHMB520183470022042500006,현대방역코리아,대구광역시,달서구,"대구광역시 달서구 와룡로53길 12, 2층 (죽전동)",대구광역시 달서구 죽전동 367번지 6호,42627,35.856865,128.536461,정상,,없음,False,영업중,2018-05-24,5,3,0,1,1,5,3470000,2020-09-17 10:25:35
724,PHMB520053470022042500002,협성방역공사,대구광역시,달서구,"대구광역시 달서구 장기로 79, 지하1층 (성당동)",대구광역시 달서구 성당동 636번지 2호,42678,35.84323,128.551927,정상,,없음,False,영업중,2005-03-04,5,5,1,1,1,5,3470000,2024-07-08 15:54:44
725,PHMB520243470022042500012,홈케어 미누기 아빠,대구광역시,달서구,"대구광역시 달서구 상화북로43길 17, 1층 (상인동)",대구광역시 달서구 상인동 1538-6,42806,35.81546,128.547946,정상,,없음,False,영업중,2024-09-20,5,3,0,1,1,5,3470000,2024-11-26 13:44:49
726,PHMB520133480012042500001,(주)나눔과행복,대구광역시,달성군,대구광역시 달성군 현풍읍 현풍중앙로16길 14,대구광역시 달성군 현풍읍 부리 440번지 41통,42999,35.697177,128.443364,정상,,없음,False,영업중,2013-01-21,5,5,1,1,1,5,3480000,2023-02-24 10:36:56
727,PHMB520253480012042500002,(주)디와이에코,대구광역시,달성군,대구광역시 달성군 다사읍 강정본길 74,대구광역시 달성군 다사읍 죽곡리 718-5,42917,35.843045,128.463889,정상,,없음,False,영업중,2025-08-19,5,3,0,1,2,5,3480000,2025-08-20 03:43:48
728,PHMB520253480012042500003,(주)지엘씨앤씨,대구광역시,달성군,"대구광역시 달성군 화원읍 성화로4길 13, 상가동 201호 (화원태왕타운)",대구광역시 달성군 화원읍 성산리 501 화원태왕타운,42946,35.802822,128.490987,정상,053-263-9353,유선,True,영업중,2025-12-11,5,3,0,1,1,5,3480000,2026-08-11 14:48:32
729,PHMB520223480012042500002,(주)태광종합관리,대구광역시,달성군,대구광역시 달성군 다사읍 세천북로 92,대구광역시 달성군 다사읍 세천리 1667-5,42922,35.877528,128.472507,정상,053-586-1011,유선,True,영업중,2022-02-24,5,3,0,1,1,5,3480000,2026-04-29 12:00:34
730,PHMB520233480012042500001,거목시스템,대구광역시,달성군,대구광역시 달성군 화원읍 성화로 9,,42946,35.800691,128.491708,정상,053-654-3400,유선,True,영업중,2023-03-15,5,4,0,2,1,5,3480000,2023-03-16 10:57:57
731,PHMB520053480012042500001,금창환경,대구광역시,달성군,대구광역시 달성군 화원읍 성천로 122,대구광역시 달성군 화원읍 천내리 107번지 3호,42948,35.806356,128.494631,정상,053-643-2377,유선,True,영업중,2005-01-11,5,5,1,1,1,5,3480000,2026-04-16 16:06:07
732,PHMB520243480012042500002,나투어존 퓨어앤라이프,대구광역시,달성군,대구광역시 달성군 구지면 국가산단대로32길 6,대구광역시 달성군 구지면 고봉리 999-3,43008,35.643544,128.426569,정상,,없음,False,영업중,2019-05-22,5,3,0,1,1,5,3480000,2024-07-22 11:29:52
733,PHMB520233480012042500003,내일앤사회적협동조합(더봄),대구광역시,달성군,"대구광역시 달성군 옥포읍 돌미로 85, 301호",대구광역시 달성군 옥포읍 교항리 2936,42974,35.781609,128.442904,정상,,없음,False,영업중,2023-11-23,80,3,0,1,2,5,3480000,2025-12-30 11:03:17
734,PHMB520213480012042500001,달성방역개발,대구광역시,달성군,대구광역시 달성군 다사읍 서재본길 28-4,,42923,35.872754,128.494408,정상,053-588-9787,유선,True,영업중,2021-03-22,5,3,0,1,1,5,3480000,2021-03-23 09:20:42
735,PHMB520193480012042500004,달성시니어 바이오&클린,대구광역시,달성군,"대구광역시 달성군 화원읍 비슬로512길 77, 5층",대구광역시 달성군 화원읍 천내리 860-2,42962,35.80155,128.499991,정상,053-617-9220,유선,True,영업중,2019-12-26,5,3,0,1,1,5,3480000,2026-01-06 16:37:02
736,PHMB520223480012042500004,레몽(LEMONG),대구광역시,달성군,"대구광역시 달성군 현풍읍 비슬로134길 189, 롯데택배 1층",대구광역시 달성군 현풍읍 상리 656-1,42997,35.69707,128.448169,정상,86782545,유선,True,영업중,2021-03-31,17,3,0,2,1,5,3480000,2022-04-15 13:29:49
737,PHMB520243480012042500003,명성클린케어,대구광역시,달성군,"대구광역시 달성군 화원읍 성암로 16-13, 1층 102호",대구광역시 달성군 화원읍 본리리 101-2,42966,35.801144,128.509082,정상,,없음,False,영업중,2024-07-18,5,3,0,1,1,5,3480000,2024-07-23 11:58:59
738,PHMB520223480012042500003,바른방역 대구경북지사,대구광역시,달성군,"대구광역시 달성군 현풍읍 비슬로 580, 202호",대구광역시 달성군 현풍읍 원교리 163-5,43004,35.690994,128.44386,정상,1688-6934,대표번호,True,영업중,2022-03-03,5,3,0,1,1,5,3480000,2022-03-04 13:44:46
739,PHMB520133480012042500002,성강건설(주),대구광역시,달성군,대구광역시 달성군 논공읍 노이2길 59,대구광역시 달성군 논공읍 노이리 1324번지 2호,42975,35.765199,128.424209,정상,,없음,False,영업중,2013-02-04,5,3,1,1,2,5,3480000,2019-01-15 19:39:19
740,PHMB520223480012042500007,싹잡아 방역,대구광역시,달성군,대구광역시 달성군 하빈면 하빈로 422,대구광역시 달성군 하빈면 현내리 557-1,42902,35.901751,128.445868,정상,,없음,False,영업중,2022-12-26,5,3,0,1,1,5,3480000,2023-06-26 14:40:55
741,PHMB520263480012042500003,워시,대구광역시,달성군,"대구광역시 달성군 화원읍 사문진로 319-6, 1층",대구광역시 달성군 화원읍 성산리 105,42941,35.808815,128.484912,정상,,없음,False,영업중,2026-02-27,5,3,0,1,1,5,3480000,2026-03-03 14:35:43
742,PHMB520243480012042500005,주식회사 대영통신,대구광역시,달성군,대구광역시 달성군 논공읍 논공로91길 54-19,대구광역시 달성군 논공읍 본리리 29-159,42983,35.730282,128.471802,정상,,없음,False,영업중,2024-09-11,5,3,0,1,1,5,3480000,2024-09-12 13:01:35
743,PHMB520263480012042500005,주식회사 모든방역,대구광역시,달성군,대구광역시 달성군 다사읍 세천로9길 23-16,대구광역시 달성군 다사읍 세천리 1575-12,42922,35.875762,128.477211,정상,,없음,False,영업중,2022-12-21,5,3,0,1,1,5,3480000,2026-09-03 10:07:12
744,PHMB520263480012042500001,주식회사 미르크린,대구광역시,달성군,"대구광역시 달성군 현풍읍 테크노대로 61, 4층 405호",대구광역시 달성군 현풍읍 중리 505,43017,35.689595,128.452198,정상,053-716-6896,유선,True,영업중,2026-01-13,2,3,0,1,1,2,3480000,2026-01-13 17:45:49
745,PHMB520173480012042500001,주식회사 비셀,대구광역시,달성군,"대구광역시 달성군 화원읍 성암로 16-14, 101호",대구광역시 달성군 화원읍 본리리 80-1,42966,35.801605,128.508767,정상,,없음,False,영업중,2017-02-21,5,3,0,1,1,5,3480000,2026-09-04 13:05:20
746,PHMB520223480012042500005,주식회사 코뿔소환경,대구광역시,달성군,대구광역시 달성군 하빈면 하빈로 424,대구광역시 달성군 하빈면 현내리 556,42902,35.90181,128.446036,정상,053-241-4545,유선,True,영업중,2020-09-08,300,4,0,6,1,10,3480000,2022-06-23 09:34:53
747,PHMB520263480012042500004,주식회사 클리온,대구광역시,달성군,대구광역시 달성군 옥포읍 본리로 37,대구광역시 달성군 옥포읍 본리리 2375,42970,35.7905,128.458961,정상,,없음,False,영업중,2026-04-24,2,3,0,1,1,2,3480000,2026-04-27 09:36:18
748,PHMB520223480012042500001,주식회사 페스콤,대구광역시,달성군,"대구광역시 달성군 화원읍 비슬로525길 37, 나동 101호 (평광아파트)",,42949,35.807663,128.501147,정상,080-002-1119,유선,True,영업중,2022-01-25,5,3,0,2,1,5,3480000,2022-01-26 16:58:56
749,PHMB520203480012042500001,주식회사한미드론,대구광역시,달성군,대구광역시 달성군 유가읍 도의길 86-38,대구광역시 달성군 유가읍 도의리 975번지 3호,42993,35.658293,128.457673,정상,053-943-1800,유선,True,영업중,2020-03-03,5,3,0,1,1,5,3480000,2023-05-12 14:39:02
750,PHMB520253480012042500001,학교복지진흥 사회적협동조합,대구광역시,달성군,"대구광역시 달성군 논공읍 북리2길 8, 마을회관",대구광역시 달성군 논공읍 북리 834-4 마을회관,42985,35.727442,128.450551,정상,,없음,False,영업중,2025-07-28,16,7,0,3,4,9,3480000,2025-07-29 13:32:08
751,PHMB520243480012042500004,흔적을 지우는 사람들 마루,대구광역시,달성군,대구광역시 달성군 화원읍 비슬로500길 14,대구광역시 달성군 화원읍 명곡리 216-5,42956,35.798466,128.490943,정상,053-744-8133,유선,True,영업중,2020-09-10,5,3,0,3,1,5,3480000,2025-08-07 11:07:55
752,PHMB520203420023042500020,(주) 청산조경종합관리,대구광역시,동구,"대구광역시 동구 효동로15길 34, 1층 (효목동)",대구광역시 동구 효목동 127-6,41173,35.88233,128.640535,정상,053-939-7357,유선,True,영업중,2020-11-12,5,3,0,1,1,5,3420000,2026-05-20 10:05:08
753,PHMB520243420023042500010,(주)가온길컴퍼니,대구광역시,동구,대구광역시 동구 반야월북로2길 12 (율암동),대구광역시 동구 율암동 524-475,41125,35.878989,128.702785,정상,,없음,False,영업중,2024-03-21,5,3,0,3,2,5,3420000,2025-01-06 10:49:20
754,PHMB520073420023042500002,(주)강진종합관리,대구광역시,동구,대구광역시 동구 효목로5길 87 (효목동),대구광역시 동구 효목2동 424번지 10호,41234,35.877278,128.636693,정상,,없음,False,영업중,2007-06-08,5,5,1,1,1,5,3420000,2026-02-09 09:38:37
755,PHMB520073420023042500001,(주)국일종합관리,대구광역시,동구,대구광역시 동구 화랑로41길 40 (효목동),대구광역시 동구 효목동 174번지 40호,41176,35.881374,128.645319,정상,,없음,False,영업중,2007-10-26,5,5,1,1,1,5,3420000,2025-08-13 14:00:22
756,PHMB520253420023042500004,(주)동방케어 대구지사,대구광역시,동구,대구광역시 동구 부동길 55-1 (부동),대구광역시 동구 부동 301-1,41056,35.889885,128.684608,정상,,없음,False,영업중,2025-05-26,5,3,0,1,1,5,3420000,2025-05-27 09:16:19
757,PHMB520243420023042500003,(주)라이프테크,대구광역시,동구,"대구광역시 동구 동촌로 132-12, 1층 (검사동)",대구광역시 동구 검사동 960-57,41157,35.884632,128.655199,정상,053-472-5411,유선,True,영업중,2018-06-25,5,3,0,1,1,5,3420000,2024-05-24 16:14:36
758,PHMB520093420023042500005,(주)라이프환경,대구광역시,동구,"대구광역시 동구 팔공로37길 33, 상가동 1호 (불로동, 평강현대)",대구광역시 동구 불로동 1154번지  평광현대  상가동 1호,41029,35.915295,128.638975,정상,,없음,False,영업중,2009-11-11,5,7,2,1,5,5,3420000,2015-11-12 14:29:34
759,PHMB520243420023042500005,(주)바이펜스코리아,대구광역시,동구,"대구광역시 동구 화랑로 397, 4층 (방촌동)",대구광역시 동구 방촌동 1084-665,41163,35.877252,128.667619,정상,,없음,False,영업중,2024-06-19,5,3,0,1,1,5,3420000,2025-10-14 11:35:26
760,PHMB520243420023042500009,(주)삼양인터내셔날 대구지점,대구광역시,동구,대구광역시 동구 옻골로13길 34 (둔산동),대구광역시 동구 둔산동 474-16,41055,35.90778,128.68861,지오코딩_근사(행정구역중심),1588-0036,대표번호,True,영업중,2024-11-26,5,3,0,1,1,5,3420000,2024-11-28 14:59:57
761,PHMB520093420023042500001,(주)상광엔지니어링,대구광역시,동구,"대구광역시 동구 아양로41길 17-2, 1층 (신암동)",대구광역시 동구 신암5동 산 23번지 9호 1층,41185,35.887902,128.636276,정상,053-956-1213,유선,True,영업중,2009-01-20,5,5,1,1,1,5,3420000,2026-08-10 11:53:08
762,PHMB520143420023042500001,(주)세린티에스,대구광역시,동구,"대구광역시 동구 안심로 389-3, 에이동 2층층 218호 (신서동)",대구광역시 동구 신서동 521번지 39호,41083,35.870842,128.726505,정상,053-961-3366,유선,True,영업중,2014-01-03,5,5,1,1,1,5,3420000,2024-03-06 10:52:29
763,PHMB520253420023042500006,(주)세스코 대구경북사업부,대구광역시,동구,"대구광역시 동구 안심뉴타운5로 5, 2층 (율암동)",대구광역시 동구 율암동 1264,41128,35.873444,128.705334,정상,053-965-0188,유선,True,영업중,2025-12-31,15,3,0,2,3,10,3420000,2025-12-31 13:02:13
764,PHMB519853420023042500001,(주)세스코 대구동부지역단,대구광역시,동구,"대구광역시 동구 안심로 280, 4,5층 (동호동)","대구광역시 동구 동호동 352번지 2호 ,129-6번지 우성빌딩(2층)",41085,35.86593,128.715173,정상,,없음,False,영업중,1985-06-22,5,24,0,4,2,5,3420000,2024-12-05 15:03:34
765,PHMB520213420023042500010,(주)세스코 홈케어대구경북지역단,대구광역시,동구,"대구광역시 동구 안심로 240, 3층 (서호동)",대구광역시 동구 서호동 129,41101,35.865909,128.71079,정상,053-963-7954,유선,True,영업중,2021-10-20,50,25,0,7,5,25,3420000,2026-07-09 09:53:12
766,PHMB520083420023042500002,(주)신세계환경,대구광역시,동구,"대구광역시 동구 반야월로18길 30, 2층 (율하동)",대구광역시 동구 율하동 59-1,41119,35.872266,128.697277,정상,,없음,False,영업중,2008-09-04,5,13,1,5,1,5,3420000,2025-08-13 13:43:12
767,PHMB520213420023042500001,(주)에버퓨리,대구광역시,동구,"대구광역시 동구 이노밸리로26길 8, 광진빌딩 3층 301호 (각산동)",대구광역시 동구 각산동 1035 광진빌딩,41065,35.878291,128.711504,정상,,없음,False,영업중,2021-02-09,5,10,0,2,10,5,3420000,2025-02-04 14:17:11
768,PHMB520083420023042500006,(주)에이치엔아이,대구광역시,동구,"대구광역시 동구 반야월로 205, 동호빌딩 지하1층 (동호동)",대구광역시 동구 동호동 6-2 동호빌딩,41127,35.872458,128.710865,정상,,없음,False,영업중,2008-02-18,5,5,1,1,1,5,3420000,2025-08-13 13:54:20
769,PHMB520213420023042500004,(주)에이치티에스,대구광역시,동구,"대구광역시 동구 동부로 213, 2층 (효목동)",대구광역시 동구 효목동 289-7,41230,35.879403,128.634871,정상,053-741-6401,유선,True,영업중,2021-04-21,5,3,0,1,1,5,3420000,2026-04-20 17:40:47
770,PHMB520173420023042500006,(주)영안종합관리,대구광역시,동구,"대구광역시 동구 동촌로 349, 4층 (용계동)",대구광역시 동구 용계동 1029번지 1호,41133,35.877798,128.677698,정상,053-384-0708,유선,True,영업중,2016-06-03,5,3,0,1,1,5,3420000,2017-12-04 11:02:09
771,PHMB519893420023042500001,(주)제일종합방역공사,대구광역시,동구,대구광역시 동구 화랑로25길 34 (효목동),대구광역시 동구 효목2동 621번지 6호,41240,35.876994,128.641065,정상,,없음,False,영업중,1989-11-06,5,5,1,1,1,5,3420000,2026-05-26 18:14:09
772,PHMB520203420023042500010,(주)천일종합관리,대구광역시,동구,"대구광역시 동구 송라로16길 89-6, 천일종합관리 (신천동)",대구광역시 동구 신천동 41-19,41227,35.876712,128.622202,정상,053-746-8484,유선,True,영업중,2011-03-09,5,7,1,1,2,5,3420000,2026-02-25 16:44:18
773,PHMB520203420023042500021,(주)클로젝,대구광역시,동구,"대구광역시 동구 반야월로28길 21, 2층 (신기동)",대구광역시 동구 신기동 185-6,41110,35.871925,128.703955,정상,1566-1107,대표번호,True,영업중,2013-05-09,7,7,0,3,1,6,3420000,2024-12-05 15:46:18
774,PHMB520043420023042500002,(주)트라이앵글,대구광역시,동구,대구광역시 동구 도평로51길 35 (도동),대구광역시 동구 도동 455번지,41017,35.920159,128.661292,정상,053-984-8400,유선,True,영업중,2004-12-14,5,5,1,1,1,5,3420000,2025-10-22 17:35:59
775,PHMB520163420023042500004,(주)하나로시스템,대구광역시,동구,"대구광역시 동구 율하동로19길 59-2, 1층 (율하동)",대구광역시 동구 율하동 892-10,41122,35.869782,128.695554,정상,053-522-2921,유선,True,영업중,2012-11-07,10,10,0,3,2,5,3420000,2024-07-09 17:17:37
776,PHMB520253420023042500003,(주)한마음 종합관리,대구광역시,동구,대구광역시 동구 동부로12길 38 (신천동),대구광역시 동구 신천동 267-1,41258,35.873097,128.619234,정상,053-953-7817,유선,True,영업중,2010-10-04,5,3,1,1,3,5,3420000,2025-05-20 11:26:23
777,PHMB520083420023042500009,(주)한비,대구광역시,동구,대구광역시 동구 송라로 67 (신천동),대구광역시 동구 신천1.2동 732번지 1호,41264,35.873087,128.618146,정상,053-356-1116,유선,True,영업중,2008-08-22,5,5,1,1,1,5,3420000,2025-08-13 13:48:19
778,PHMB520103420023042500001,(주)혜경,대구광역시,동구,"대구광역시 동구 동촌로56길 34, 2층 (방촌동)",대구광역시 동구 방촌동 1113-235,41164,35.878212,128.669282,정상,,없음,False,영업중,2010-01-15,5,5,1,2,2,5,3420000,2025-08-13 13:32:24
779,PHMB520243420023042500008,educlean 에듀클린,대구광역시,동구,"대구광역시 동구 동호로9길 54, 101호 (신서동)",대구광역시 동구 신서동 553-2,41088,35.869792,128.731462,정상,053-710-7106,유선,True,영업중,2024-11-08,5,3,0,1,1,5,3420000,2024-11-11 13:23:35
780,PHMB519933420023042500001,갑을산업,대구광역시,동구,대구광역시 동구 아양로50길 21 (효목동),대구광역시 동구 효목1동 81번지 7호,41169,35.886041,128.639738,정상,,없음,False,영업중,1993-03-04,5,5,1,1,1,5,3420000,2025-08-13 14:52:10
781,PHMB520243420023042500001,그린환경관리,대구광역시,동구,"대구광역시 동구 팔공로 322-5, 111동 3호 (봉무동, 봉무청구새들마을)",대구광역시 동구 봉무동 245 봉무청구새들마을,41020,35.928783,128.642336,정상,053-326-5323,유선,True,영업중,2008-02-18,5,5,1,1,1,5,3420000,2024-01-22 16:38:04
782,PHMB520243420023042500007,다올클린,대구광역시,동구,"대구광역시 동구 국채보상로159길 42, 1층 (신천동)",대구광역시 동구 신천동 653-3,41268,35.869939,128.616319,정상,,없음,False,영업중,2022-07-31,5,3,0,1,1,5,3420000,2025-08-11 17:32:19
783,PHMB520233420023042500006,대경기업,대구광역시,동구,"대구광역시 동구 아양로 9, 3층 303호 (신암동)",대구광역시 동구 신암동 802-1,41196,35.881508,128.61527,정상,053-768-2152,유선,True,영업중,1988-05-20,5,3,0,1,1,5,3420000,2025-08-13 14:59:52
784,PHMB520193420023042500003,대구동구백세그린,대구광역시,동구,"대구광역시 동구 동촌로 301, 진우빌딩 2층 (방촌동)",대구광역시 동구 방촌동 857-121 진우빌딩,41146,35.879283,128.672663,정상,,없음,False,영업중,2019-04-02,5,3,0,1,1,5,3420000,2025-10-14 17:26:19
785,PHMB520183420023042500005,대신종합관리,대구광역시,동구,"대구광역시 동구 아양로 9, 3층 (신암동)",대구광역시 동구 신암동 802번지 1호,41196,35.881508,128.61527,정상,,없음,False,영업중,2012-06-19,5,5,1,1,1,5,3420000,2025-10-22 17:07:47
786,PHMB520143420023042500004,대진이엠,대구광역시,동구,"대구광역시 동구 반야월북로53길 10, 상가동 105호 (신서동, 신서보라맨션)",대구광역시 동구 신서동 885 신서보라맨션,41075,35.87371,128.726763,정상,,없음,False,영업중,2014-05-01,5,10,1,2,4,7,3420000,2022-11-25 17:38:22
787,PHMB520063420023042500004,동서환경,대구광역시,동구,대구광역시 동구 동북로81길 52 (신암동),대구광역시 동구 신암5동 130번지 93호,41183,35.888317,128.630775,정상,,없음,False,영업중,2006-08-09,5,5,1,1,1,5,3420000,2025-10-22 17:33:08
788,PHMB520263420023042500003,두손방역,대구광역시,동구,"대구광역시 동구 반야월북로 174, 3층 (각산동)",대구광역시 동구 각산동 370-38,41073,35.873051,128.716474,정상,,없음,False,영업중,2026-02-25,5,3,0,1,1,5,3420000,2026-02-25 15:45:07
789,PHMB520153420023042500004,무지개환경,대구광역시,동구,"대구광역시 동구 안심로 448 (괴전동, 지하 1층)",대구광역시 동구 괴전동 165번지 4호,41092,35.870921,128.732857,정상,1833-7510,대표번호,True,영업중,2015-10-06,5,3,0,2,1,5,3420000,2025-08-11 17:53:25
790,PHMB520263420023042500001,믿음워싱 앤 크린,대구광역시,동구,"대구광역시 동구 효동로 118-1, 1층 (효목동)",대구광역시 동구 효목동 87-10 1층,41170,35.886763,128.64157,정상,053-939-0474,유선,True,영업중,2026-01-07,5,3,0,1,1,5,3420000,2026-01-07 14:22:20
791,PHMB520263420023042500002,바른청소,대구광역시,동구,"대구광역시 동구 신암북로11길 6, 103호 (신암동, 금오아파트)",대구광역시 동구 신암동 676-1 금오아파트 상가 103호,41192,35.887675,128.622554,정상,,없음,False,영업중,2026-02-13,8,4,0,2,4,5,3420000,2026-02-14 17:27:12
792,PHMB520103420023042500008,부흥종합관리주식회사,대구광역시,동구,"대구광역시 동구 경안로 742-1, 2층 (동호동, 구동빌딩 )",대구광역시 동구 동호동 106번지 60호 구동빌딩 2층,41078,35.868686,128.713856,정상,053-961-9880,유선,True,영업중,2010-11-01,9,7,2,1,3,7,3420000,2020-11-03 16:37:22
793,PHMB520103420023042500005,성오보안공사(주),대구광역시,동구,"대구광역시 동구 동대구로 445, 3층 (신천동)",대구광역시 동구 신천동 110-7,41260,35.869931,128.625302,정상,,없음,False,영업중,2010-04-06,5,4,1,2,1,5,3420000,2026-02-05 12:03:22
794,PHMB520043420023042500004,성창티엠(주),대구광역시,동구,대구광역시 동구 아양로41길 17-2 (신암동),대구광역시 동구  23번지 9호,41185,35.887902,128.636276,정상,053-951-8813,유선,True,영업중,2004-06-01,5,5,1,1,1,5,3420000,2026-08-05 17:25:40
795,PHMB520213420023042500011,세존 대구지사,대구광역시,동구,"대구광역시 동구 팔공로51길 15-5, 405호 (봉무동)",대구광역시 동구 봉무동 1539-9,41026,35.922505,128.63949,정상,1668-2122,대표번호,True,영업중,2018-05-17,5,7,0,7,1,5,3420000,2026-05-11 11:29:46
796,PHMB520223420023042500001,소목골마을관리사회적협동조합,대구광역시,동구,"대구광역시 동구 효목로 7, 효목2동 복합근린허브센터 3층 (효목동)",대구광역시 동구 효목동 467-2 효목2동 복합근린허브센터,41238,35.874064,128.639083,정상,053-744-3781,유선,True,영업중,2022-04-12,5,3,0,1,1,5,3420000,2025-10-14 11:05:08
797,PHMB520163420023042500001,시스템방역,대구광역시,동구,"대구광역시 동구 송라로32길 23, 2층 (신암동)",대구광역시 동구 신암동 166번지 27호,41207,35.881037,128.617009,정상,070-8238-2348,인터넷전화,True,영업중,2016-01-08,5,3,0,1,1,5,3420000,2025-10-14 17:46:46
798,PHMB520173420023042500001,신세계환경,대구광역시,동구,"대구광역시 동구 율하동로21길 29, 1층 102호 (율하동)",대구광역시 동구 율하동 929번지 7호,41120,35.869049,128.699454,정상,,없음,False,영업중,2017-01-06,5,4,0,2,1,5,3420000,2017-01-09 08:52:41
799,PHMB520253420023042500001,애니젠(ANYGEN),대구광역시,동구,"대구광역시 동구 경안로107길 37, 이송빌딩 2층 (서호동)",대구광역시 동구 서호동 64,41113,35.870916,128.709752,정상,1544-7298,대표번호,True,영업중,2025-02-20,5,3,0,2,1,5,3420000,2025-08-11 17:23:50
800,PHMB520243420023042500006,에버그린,대구광역시,동구,"대구광역시 동구 화랑로 397, 4층 (방촌동)",대구광역시 동구 방촌동 1084-665,41163,35.877252,128.667619,정상,,없음,False,영업중,2024-08-06,5,4,0,1,1,5,3420000,2024-08-06 15:46:55
801,PHMB520133420023042500001,에스산업개발주식회사,대구광역시,동구,"대구광역시 동구 동대구로 445, 3층 (신천동)",대구광역시 동구 신천동 110-7,41260,35.869931,128.625302,정상,,없음,False,영업중,2013-01-16,5,3,1,1,1,5,3420000,2025-10-22 17:00:50
802,PHMB520203420023042500004,에코시스템 미가,대구광역시,동구,"대구광역시 동구 둔산로2길 33 (신평동, 대현빌라)",,41134,35.880148,128.674198,정상,,없음,False,영업중,2020-04-10,5,3,0,1,1,5,3420000,2025-10-22 17:50:19
803,PHMB520063420023042500003,온누리환경,대구광역시,동구,"대구광역시 동구 반야월북로53길 10, 103동 111호 (신서동, 신서보라맨션)",대구광역시 동구 신서동 885번지,41075,35.87371,128.726763,정상,,없음,False,영업중,2006-02-03,5,5,1,1,1,5,3420000,2025-08-13 14:10:17
804,PHMB520133420023042500002,제일장애인보호작업장,대구광역시,동구,"대구광역시 동구 송라로2길 17-4, 1층 (신천동)",,41259,35.869988,128.621273,정상,,없음,False,영업중,2013-04-18,5,5,1,1,1,5,3420000,2025-08-12 15:46:32
805,PHMB520263420023042500004,주식회사 다이나,대구광역시,동구,"대구광역시 동구 아양로 213-4, 2층 (신암동)",대구광역시 동구 신암동 23-72,41186,35.8869,128.636565,정상,,없음,False,영업중,2026-03-10,5,3,0,1,1,5,3420000,2026-03-11 09:13:13
806,PHMB520173420023042500002,주식회사 대길에스엔,대구광역시,동구,"대구광역시 동구 효목로5길 87, 지하1층 (효목동)",대구광역시 동구 효목동 424-10,41234,35.877278,128.636693,정상,,없음,False,영업중,2017-01-06,5,5,0,2,1,5,3420000,2025-10-14 14:05:57
807,PHMB520233420023042500005,주식회사 디지티모빌리티,대구광역시,동구,"대구광역시 동구 화랑로 397, 3~5층 (방촌동)",대구광역시 동구 방촌동 1084-665,41163,35.877252,128.667619,정상,053-767-4542,유선,True,영업중,2022-04-06,5,3,0,1,1,5,3420000,2023-10-16 14:12:12
808,PHMB520153420023042500003,주식회사 부흥에스티,대구광역시,동구,"대구광역시 동구 경안로 742, 3층 (동호동, 황제빌딩)",대구광역시 동구 동호동 106번지 61호,41078,35.868567,128.713849,정상,,없음,False,영업중,2015-09-16,5,3,0,1,1,5,3420000,2025-10-14 17:49:20
809,PHMB520223420023042500003,주식회사 신광메디칼,대구광역시,동구,대구광역시 동구 팔공산로 1685(백안동),대구광역시 동구 백안동 515,41009,35.954952,128.690965,정상,053-581-5830,유선,True,영업중,2022-11-10,5,3,0,1,2,5,3420000,2022-11-23 19:28:00
810,PHMB520213420023042500008,주식회사 에셀앤세존,대구광역시,동구,"대구광역시 동구 호반길 61, 1층 (방촌동)",대구광역시 동구 방촌동 1078-1,41161,35.879186,128.660589,정상,053-247-4466,유선,True,영업중,2021-08-23,5,3,0,2,1,5,3420000,2026-03-24 16:22:14
811,PHMB520093420023042500002,주식회사 유원비즈,대구광역시,동구,"대구광역시 동구 화랑로80길 8, 205호 (방촌동, 우방강촌마을)",대구광역시 동구 방촌동 1084번지 30호 우방강촌마을,41147,35.876374,128.665696,정상,,없음,False,영업중,2009-04-23,5,5,1,1,1,5,3420000,2026-04-06 10:43:35
812,PHMB520243420023042500004,주식회사 케어원 대구지사,대구광역시,동구,"대구광역시 동구 안심뉴타운6로 29, 3층 (율암동)",대구광역시 동구 율암동 1293,41128,35.875906,128.708027,정상,070-4870-3010,인터넷전화,True,영업중,2015-07-24,5,3,0,1,1,5,3420000,2025-10-16 11:12:23
813,PHMB520183420023042500002,주식회사그린피아,대구광역시,동구,"대구광역시 동구 안심로 231, 3층 (서호동)",대구광역시 동구 서호동 123번지 17호,41117,35.86646,128.710044,정상,053-746-3003,유선,True,영업중,2018-02-05,5,3,0,1,1,5,3420000,2018-02-05 16:53:18
814,PHMB520143420023042500005,주식회사토홍,대구광역시,동구,"대구광역시 동구 아양로 23, 3층 (신암동)",대구광역시 동구 신암동 795번지 9호,41196,35.881789,128.61655,정상,,없음,False,영업중,2014-06-18,10,6,1,1,2,10,3420000,2026-02-09 09:41:02
815,PHMB520143420023042500006,청라환경,대구광역시,동구,"대구광역시 동구 공항로49길 19, 1층 (지저동)",대구광역시 동구 지저동 656-23,41046,35.895752,128.642225,정상,053-625-3939,유선,True,영업중,2014-07-15,5,3,1,2,1,5,3420000,2025-08-11 17:56:35
816,PHMB520253420023042500002,크린텍,대구광역시,동구,"대구광역시 동구 아양로 218, 진로이스트타운 상가 303동 1층 105호 (효목동, 진로이스트타운)",대구광역시 동구 효목동 55 진로이스트타운 상가 303동 105호,41168,35.884731,128.637997,정상,,없음,False,영업중,2025-03-21,2,3,0,1,1,2,3420000,2025-03-24 11:45:47
817,PHMB520053420023042500001,탑크린,대구광역시,동구,대구광역시 동구 팔공로25길 32-1 (불로동),대구광역시 동구 불로동 183번지,41035,35.910564,128.637343,정상,,없음,False,영업중,2005-09-02,5,5,1,1,1,5,3420000,2025-10-22 17:34:45
818,PHMB520203420023042500015,팔공방역소독공사,대구광역시,동구,"대구광역시 동구 팔공산로199길 29, 이조명가 (용수동)",,41007,35.989165,128.694064,정상,,없음,False,영업중,2020-09-23,5,3,0,1,1,5,3420000,2025-10-14 10:50:41
819,PHMB520233420023042500002,하나방역 대구북부지사,대구광역시,동구,"대구광역시 동구 혁신대로35길 3-16, 1층 (각산동)",대구광역시 동구 각산동 1086,41067,35.878234,128.717593,정상,1661-2204,대표번호,True,영업중,2023-04-05,5,3,0,1,1,5,3420000,2026-09-02 09:06:52
820,PHMB520253420023042500005,하이비즈랩 주식회사,대구광역시,동구,"대구광역시 동구 효동로 79, 302호 (효목동)",대구광역시 동구 효목동 134-5 302호,41172,35.88361,128.643455,정상,053-287-0033,유선,True,영업중,2025-08-27,5,3,0,1,1,5,3420000,2025-08-27 18:04:18
821,PHMB520083420023042500007,한국메인터너스,대구광역시,동구,대구광역시 동구 동북로81길 52 (신암동),대구광역시 동구 신암5동 130번지 93호,41183,35.888317,128.630775,정상,,없음,False,영업중,2008-02-27,5,5,1,1,1,5,3420000,2025-08-13 13:50:41
822,PHMB520013420023042500001,한국방역공사,대구광역시,동구,"대구광역시 동구 동부로 213, 2층 (효목동)",대구광역시 동구 효목동 289-7,41230,35.879403,128.634871,정상,,없음,False,영업중,2001-07-06,9,3,5,1,1,5,3420000,2025-08-13 14:30:06
823,PHMB520193420023042500008,한미종합방역공사,대구광역시,동구,"대구광역시 동구 해동로6길 34, 102호 (지저동)",대구광역시 동구 지저동 1073번지 2호,41042,35.89673,128.634625,정상,,없음,False,영업중,1994-06-08,7,9,1,1,1,5,3420000,2025-08-13 14:48:50
824,PHMB520063450022042500002,(주)경맥 엠앤씨,대구광역시,북구,대구광역시 북구 침산남로 163 (침산동),대구광역시 북구 침산2동 218번지 8호,41561,35.887705,128.59377,정상,,없음,False,영업중,2006-02-17,5,5,1,1,1,5,3450000,2017-07-03 12:02:46
825,PHMB520203450022042500002,(주)그린연서,대구광역시,북구,대구광역시 북구 도남길 262-1(도남동),대구광역시 북구 도남동 91-1,41408,35.96973,128.589533,정상,053-326-9398,유선,True,영업중,2020-01-23,5,5,0,1,1,5,3450000,2022-11-24 19:00:42
826,PHMB520253450022042500002,(주)그린천사,대구광역시,북구,"대구광역시 북구 내곡로 77, 4층 403호 (사수동)",대구광역시 북구 사수동 797,41493,35.901791,128.512267,정상,070-8862-7479,인터넷전화,True,영업중,2014-11-06,10,5,1,1,1,5,3450000,2025-03-21 15:50:16
827,PHMB520193450022042500005,(주)다인엠에스,대구광역시,북구,"대구광역시 북구 동북로 114, 2층 (산격동)",대구광역시 북구 산격동 524번지 7호,41533,35.901622,128.606215,정상,,없음,False,영업중,2009-05-21,5,5,1,1,1,5,3450000,2020-06-03 17:40:55
828,PHMB520153450022042500003,(주)대경종합관리,대구광역시,북구,"대구광역시 북구 대현로 85, 3층 (대현동)",대구광역시 북구 대현동 157-3,41569,35.882814,128.608823,정상,,없음,False,영업중,2015-10-27,5,5,0,1,1,5,3450000,2023-05-03 17:49:18
829,PHMB520193450022042500002,(주)신성씨앤지,대구광역시,북구,"대구광역시 북구 성북로5길 22, 안산빌딩 4층 (침산동)",대구광역시 북구 침산동 498-7,41550,35.892659,128.587123,정상,053-422-1825,유선,True,영업중,2019-05-17,5,3,0,1,1,5,3450000,2021-12-22 11:29:51
830,PHMB520113450022042500002,(주)신진종합관리,대구광역시,북구,대구광역시 북구 학남로15길 14 (국우동),대구광역시 북구 국우동 1083번지 8호,41419,35.94604,128.571354,정상,053-326-6516,유선,True,영업중,2011-05-27,6,7,1,1,1,7,3450000,2020-04-19 15:06:02
831,PHMB520203450022042500011,(주)아이고,대구광역시,북구,"대구광역시 북구 신천동로 962, 2층 (산격동)",대구광역시 북구 산격동 724-9,41502,35.901999,128.594578,정상,053-939-5909,유선,True,영업중,2020-04-21,5,3,0,1,1,5,3450000,2026-07-27 10:54:23
832,PHMB520233450022042500001,(주)에스와이에스앤씨,대구광역시,북구,"대구광역시 북구 노원로 169, 2층 203호 (노원동3가)",대구광역시 북구 노원동3가 1205-1,41494,35.899198,128.57866,정상,053-341-1233,유선,True,영업중,2023-01-02,5,3,0,1,1,5,3450000,2024-11-27 14:28:48
833,PHMB520163450022042500003,(주)월드씨앤에스,대구광역시,북구,"대구광역시 북구 침산남로 209, 2층 202호 (침산동)",대구광역시 북구 침산동 15번지 47호,41561,35.886709,128.598716,정상,053-427-9878,유선,True,영업중,2016-01-07,5,3,0,1,1,5,3450000,2025-08-11 13:23:38
834,PHMB520223450022042500001,(주)월드이앤씨,대구광역시,북구,"대구광역시 북구 동북로 117, 소프트웨어벤처타워 5층 502호 (산격동)",대구광역시 북구 산격동 505-7,41519,35.901971,128.606936,정상,,없음,False,영업중,2017-05-22,5,3,0,1,1,5,3450000,2022-09-15 14:03:00
835,PHMB520093450022042500002,(주)이씨에스(ECS),대구광역시,북구,대구광역시 북구 고성로 176 (고성동2가),대구광역시 북구 고성동2가 76번지,41595,35.880181,128.585207,정상,053-341-1666,유선,True,영업중,2009-06-26,5,5,1,1,1,5,3450000,2015-12-10 16:48:06
836,PHMB520103450022042500004,(주)좋은환경종합관리,대구광역시,북구,"대구광역시 북구 유통단지로8길 108-9, 2층 (산격동)",대구광역시 북구 산격동 1736,41516,35.906589,128.616459,정상,,없음,False,영업중,2010-05-25,5,5,1,1,1,5,3450000,2022-04-21 17:13:13
837,PHMB520203450022042500013,(주)태광메니져먼트,대구광역시,북구,"대구광역시 북구 경대로5길 10, 4층 (대현동)",대구광역시 북구 대현동 21-4,41569,35.884723,128.612962,정상,053-944-6753,유선,True,영업중,2020-06-18,5,3,0,1,1,5,3450000,2021-12-13 15:36:45
838,PHMB520203450022042500001,119엑스터,대구광역시,북구,"대구광역시 북구 관음중앙로 66, 1층 (관음동)",대구광역시 북구 관음동 1332-4,41444,35.939708,128.544572,정상,053-219-0119,유선,True,영업중,2020-01-17,5,3,0,1,1,5,3450000,2022-02-24 19:16:59
839,PHMB519943450022042500002,그린연서,대구광역시,북구,대구광역시 북구 도남길 262-1(도남동),대구광역시 북구 도남동 91-1,41408,35.96973,128.589533,정상,,없음,False,영업중,1994-06-09,5,5,1,1,1,5,3450000,2022-11-24 19:00:30
840,PHMB520103450022042500005,그린환경,대구광역시,북구,대구광역시 북구 구암로60길 11-12 (구암동),대구광역시 북구 구암동 811번지 12호 1층,41472,35.937226,128.569002,정상,053-323-9439,유선,True,영업중,2010-05-26,5,5,1,1,1,5,3450000,2020-07-28 10:10:05
841,PHMB520173450022042500004,금부종합위생,대구광역시,북구,대구광역시 북구 옥산로9길 28-1 (노원동1가),대구광역시 북구 노원동1가 12번지 12호 1층,41589,35.8876,128.582361,정상,053-566-7482,유선,True,영업중,2008-06-18,10,10,0,4,5,10,3450000,2025-11-06 09:58:41
842,PHMB520153450022042500001,금성종합관리,대구광역시,북구,"대구광역시 북구 산격로9길 28, 1층 (산격동)",대구광역시 북구 산격동 1440번지 1호,41537,35.894264,128.602879,정상,053-941-5009,유선,True,영업중,2015-04-20,5,3,0,1,1,5,3450000,2020-03-16 14:01:51
843,PHMB520203450022042500014,다문화인재지원협동조합,대구광역시,북구,대구광역시 북구 망월길 25 (서변동),대구광역시 북구 서변동 1127,41477,35.921995,128.594105,정상,,없음,False,영업중,2020-06-25,5,3,0,1,1,5,3450000,2025-04-10 11:18:29
844,PHMB520043450022042500001,대흥방역공사,대구광역시,북구,대구광역시 북구 칠성남로38길 30-1 (칠성동2가),대구광역시 북구 칠성동2가 302번지 200호,41581,35.875343,128.59956,정상,,없음,False,영업중,2004-09-21,5,5,1,1,1,5,3450000,2019-07-26 18:13:14
845,PHMB520223450022042500008,동득산업,대구광역시,북구,대구광역시 북구 태암남로11길 20-22(구암동),대구광역시 북구 구암동 692-3,41465,35.927058,128.555053,정상,,없음,False,영업중,2022-06-09,5,3,0,1,1,5,3450000,2025-04-10 11:19:56
846,PHMB520093450022042500001,동우크린,대구광역시,북구,대구광역시 북구 관음중앙로17길 29-1 (관음동),대구광역시 북구 관음동 1243번지 21호,41440,35.9437,128.54311,정상,053-354-6272,유선,True,영업중,2009-03-27,5,5,1,1,1,5,3450000,2025-02-04 21:39:40
847,PHMB520223450022042500003,라온퓨어,대구광역시,북구,"대구광역시 북구 산격로 57-2, 101호 (산격동)",대구광역시 북구 산격동 1422-1,41537,35.89553,128.605242,정상,,없음,False,영업중,2022-01-17,5,3,0,1,1,5,3450000,2022-01-18 19:21:43
848,PHMB520243450022042500001,바로,대구광역시,북구,"대구광역시 북구 검단공단로21길 8, 제2동 2층 (검단동)",대구광역시 북구 검단동 501-5,41503,35.913892,128.612627,정상,,없음,False,영업중,2024-01-30,5,3,0,1,1,5,3450000,2024-01-31 11:36:09
849,PHMB520203450022042500005,바이오닥터,대구광역시,북구,"대구광역시 북구 동북로 198, 2층 (산격동)",대구광역시 북구 산격동 1287번지 5호,41535,35.897706,128.614052,정상,,없음,False,영업중,2020-03-09,5,3,0,1,1,5,3450000,2025-04-10 11:15:59
850,PHMB520253450022042500004,벌레잡는총각들 대구광역방역,대구광역시,북구,"대구광역시 북구 한강로6길 15, 2층 204호 (사수동)",대구광역시 북구 사수동 963,41598,35.895666,128.515828,정상,1688-0563,대표번호,True,영업중,2025-03-28,5,3,0,1,1,5,3450000,2025-03-28 10:54:54
851,PHMB520233450022042500005,부성축산,대구광역시,북구,"대구광역시 북구 칠곡중앙대로99길 45-3, 1층 (관음동)",,41444,35.941158,128.545413,정상,,없음,False,영업중,2023-07-28,5,3,0,1,1,5,3450000,2023-07-28 17:09:11
852,PHMB520253450022042500001,브라더 케어,대구광역시,북구,"대구광역시 북구 관음동로13길 1, 1층 (관음동)",대구광역시 북구 관음동 1353-1,41444,35.938395,128.546894,정상,,없음,False,영업중,2025-02-28,5,4,0,3,1,5,3450000,2025-02-28 10:52:17
853,PHMB520163450022042500004,세기위생관리,대구광역시,북구,"대구광역시 북구 팔거천동로2길 11, 1층 (구암동)",대구광역시 북구 구암동 669-11,41465,35.925646,128.551935,정상,053-474-1355,유선,True,영업중,2016-06-22,5,3,0,1,1,5,3450000,2024-06-28 16:51:24
854,PHMB520213450022042500006,세이프존(Safe Zone),대구광역시,북구,"대구광역시 북구 대현로9길 58, 라온빌딩 6층 603호 (산격동)",대구광역시 북구 산격동 1382-80,41567,35.88813,128.603094,정상,,없음,False,영업중,2021-04-30,5,3,0,1,1,5,3450000,2021-06-02 13:22:19
855,PHMB520213450022042500004,세존 대경지사,대구광역시,북구,"대구광역시 북구 대동로 43, 1층 (산격동)",대구광역시 북구 산격동 1265-32,41535,35.896582,128.61155,정상,053-945-0002,유선,True,영업중,2021-02-02,5,3,0,1,1,5,3450000,2021-02-03 19:45:10
856,PHMB520213450022042500008,소울컴퍼니,대구광역시,북구,"대구광역시 북구 대현로 38, 3층 (대현동)",대구광역시 북구 대현동 412-5,41572,35.884891,128.604125,정상,053-784-5995,유선,True,영업중,2021-06-24,5,3,0,1,1,5,3450000,2021-11-22 13:49:37
857,PHMB520263450022042500001,스위트종합환경,대구광역시,북구,"대구광역시 북구 칠곡중앙대로99길 45-3, 1층 (관음동)",대구광역시 북구 관음동 1338-1,41444,35.941158,128.545413,정상,,없음,False,영업중,2026-03-26,20,3,0,1,1,5,3450000,2026-05-20 07:57:32
858,PHMB520123450022042500004,안심공간,대구광역시,북구,대구광역시 북구 팔거천동로4길 6 (구암동),대구광역시 북구 구암동 666번지 17호,41465,35.92649,128.551608,정상,,없음,False,영업중,2012-06-19,5,5,1,1,1,5,3450000,2020-12-04 09:26:06
859,PHMB520103450022042500003,에코그린텍,대구광역시,북구,대구광역시 북구 대불로5길 17-7 (산격동),대구광역시 북구 산격동 502-9,41520,35.901618,128.612774,정상,,없음,False,영업중,2010-03-03,5,5,1,1,1,5,3450000,2021-05-03 14:00:01
860,PHMB520213450022042500009,엔에스클린닥터,대구광역시,북구,"대구광역시 북구 한강로8길 13-9, 파크프라자 3층 302호 (금호동)",대구광역시 북구 금호동 801 파크프라자 302호,41598,35.895763,128.519316,정상,1566-9128,대표번호,True,영업중,2020-10-26,5,3,0,1,1,5,3450000,2025-02-04 14:44:21
861,PHMB520263450022042500002,엠제이방역,대구광역시,북구,대구광역시 북구 사수로 559 (팔달동),대구광역시 북구 팔달동 268-27,41490,35.895556,128.53772,정상,,없음,False,영업중,2026-06-02,5,3,0,1,1,5,3450000,2026-06-02 17:43:06
862,PHMB520223450022042500009,영남휴먼스 주식회사,대구광역시,북구,"대구광역시 북구 검단로 135, 검단팩토리밸리 101동 2층 201-7호 (검단동)",대구광역시 북구 검단동 838-4,41513,35.909536,128.621548,정상,053-766-1982,유선,True,영업중,2022-11-04,5,3,0,1,1,5,3450000,2022-11-07 14:17:59
863,PHMB520183450022042500001,온누리 환경공사,대구광역시,북구,"대구광역시 북구 학남로15길 50-16, 1층 (국우동)",대구광역시 북구 국우동 1093번지 16호 1층,41419,35.943653,128.572809,정상,,없음,False,영업중,2018-05-18,5,3,0,2,1,5,3450000,2018-05-18 17:31:03
864,PHMB520203450022042500006,위너방역,대구광역시,북구,"대구광역시 북구 성북로 70, 226호 (침산동, 침산화성파크드림)",대구광역시 북구 침산동 1761번지 침산화성파크드림,41560,35.891075,128.592581,정상,,없음,False,영업중,2020-03-10,5,3,0,1,1,5,3450000,2020-03-14 18:19:44
865,PHMB520123450022042500003,유성크린,대구광역시,북구,대구광역시 북구 구암로60길 11-6 (구암동),대구광역시 북구 구암동,41472,35.937004,128.568853,정상,,없음,False,영업중,2012-06-12,5,5,1,1,1,5,3450000,2018-03-22 18:19:11
866,PHMB520073450022042500001,유신환경,대구광역시,북구,대구광역시 북구 태암남로11길 32-20 (구암동),대구광역시 북구 구암동 689번지 12호,41465,35.927142,128.554349,정상,053-327-3327,유선,True,영업중,2007-11-02,5,5,1,1,1,5,3450000,2020-01-13 10:04:05
867,PHMB520253450022042500007,이화컴퍼니 주식회사,대구광역시,북구,"대구광역시 북구 구암로60길 45-3, 1층 (구암동)",대구광역시 북구 구암동 809-11,41472,35.938494,128.569337,정상,,없음,False,영업중,2025-12-23,5,3,0,1,3,5,3450000,2025-12-26 10:03:30
868,PHMB520213450022042500001,주식회사 에어솔루션,대구광역시,북구,"대구광역시 북구 칠곡중앙대로 459, 301호 (관음동)",대구광역시 북구 관음동 1386-14,41443,35.936781,128.548762,정상,1566-7605,대표번호,True,영업중,2021-01-12,5,3,0,1,1,5,3450000,2022-11-28 09:46:11
869,PHMB520243450022042500002,주식회사 이롬시스템,대구광역시,북구,"대구광역시 북구 침산로 267, 3층 302호 (침산동)",대구광역시 북구 침산동 646-7,41547,35.899634,128.588848,정상,,없음,False,영업중,2024-05-14,5,3,0,1,1,5,3450000,2024-05-14 16:32:54
870,PHMB520183450022042500003,주식회사 제이피에스,대구광역시,북구,"대구광역시 북구 검단로41길 38, 1층 (검단동)",대구광역시 북구 검단동 1088-1,41511,35.915277,128.625852,정상,,없음,False,영업중,2018-07-09,5,3,0,1,5,5,3450000,2024-08-02 08:14:01
871,PHMB520233450022042500006,주식회사 창공팩트,대구광역시,북구,"대구광역시 북구 동천로23길 18, 3층 (동천동)",대구광역시 북구 동천동 907-1,41423,35.942432,128.558916,정상,053-314-3330,유선,True,영업중,2023-09-06,5,3,0,1,1,5,3450000,2025-02-05 11:37:59
872,PHMB520223450022042500002,주식회사 태흥엠에스티,대구광역시,북구,"대구광역시 북구 유통단지로8길 108-9, 대화빌딩 2층 (산격동)",대구광역시 북구 산격동 1736,41516,35.906589,128.616459,정상,053-254-5855,유선,True,영업중,2016-08-04,5,15,0,1,1,10,3450000,2024-03-20 13:58:43
873,PHMB520223450022042500004,진흥케미칼,대구광역시,북구,"대구광역시 북구 한강로8길 21-3, 2층 202,203호 (금호동)",대구광역시 북구 금호동 814,41598,35.894921,128.519212,정상,053-555-6380,유선,True,영업중,2022-01-27,5,3,0,1,1,5,3450000,2022-02-07 11:34:19
874,PHMB520203450022042500009,채움에코그린,대구광역시,북구,"대구광역시 북구 칠곡중앙대로128길 9, 1층 (읍내동)",대구광역시 북구 읍내동 397-10,41401,35.952183,128.55502,정상,053-323-3215,유선,True,영업중,2020-04-03,5,3,0,1,1,5,3450000,2020-12-30 13:29:46
875,PHMB520233450022042500003,청소하는아저씨,대구광역시,북구,"대구광역시 북구 동암로7길 39, 2층 203호 (읍내동, 칠곡한서타운)",대구광역시 북구 읍내동 1234-7 칠곡한서타운,41401,35.949294,128.555784,정상,,없음,False,영업중,2023-01-04,5,3,0,1,1,5,3450000,2025-04-10 11:21:06
876,PHMB520203450022042500015,청정네이버 대구경북,대구광역시,북구,"대구광역시 북구 칠곡중앙대로52길 8, 3층 (태전동)",대구광역시 북구 태전동 608-25,41467,35.919315,128.548147,정상,,없음,False,영업중,2020-07-20,5,3,0,1,1,5,3450000,2025-07-02 14:04:08
877,PHMB520163450022042500001,청하바이오,대구광역시,북구,"대구광역시 북구 매천로18길 34, 청하환경 1층 (매천동, 농산물도매시장)",대구광역시 북구 매천동 527번지 3호 농수산물도매시장,41488,35.902578,128.543186,정상,053-311-3744,유선,True,영업중,2016-01-05,5,3,0,1,1,5,3450000,2016-01-06 18:43:22
878,PHMB520253450022042500003,케어클린,대구광역시,북구,"대구광역시 북구 침산남로44길 43, 1층 (침산동)",대구광역시 북구 침산동 100-25,41577,35.88453,128.59881,정상,,없음,False,영업중,2025-03-21,5,3,0,1,1,5,3450000,2025-03-28 10:54:28
879,PHMB520213450022042500003,크린산업개발,대구광역시,북구,대구광역시 북구 연암공원로 62 (산격동),대구광역시 북구 산격동 1164-15,41537,35.895841,128.599688,정상,,없음,False,영업중,2021-01-26,5,3,0,1,1,5,3450000,2021-01-28 19:04:11
880,PHMB520203450022042500008,클린네이처(CleanNature),대구광역시,북구,"대구광역시 북구 구암로41길 13-3, 재성하이빌 101호 (구암동)",대구광역시 북구 구암동 796번지 14호,41432,35.932839,128.563118,정상,,없음,False,영업중,2020-03-16,5,3,0,1,1,5,3450000,2020-03-18 20:51:44
881,PHMB520253450022042500005,클린스쿨 대구,대구광역시,북구,"대구광역시 북구 성북로5길 24, 1층 (침산동)",대구광역시 북구 침산동 498-4,41550,35.89277,128.587126,정상,,없음,False,영업중,2025-04-25,5,3,0,1,3,5,3450000,2025-04-25 13:02:45
882,PHMB520243450022042500003,태라소클린케어,대구광역시,북구,"대구광역시 북구 호국로51길 5-23, 2층 (서변동)",대구광역시 북구 서변동 1780-5,41475,35.923135,128.598711,정상,,없음,False,영업중,2024-07-02,5,3,0,1,1,5,3450000,2025-02-10 17:45:28
883,PHMB520203450022042500012,토탈크린방역,대구광역시,북구,"대구광역시 북구 칠성남로30길 20, 지하층 (칠성동2가)",대구광역시 북구 칠성동2가 302번지 239호,41581,35.876243,128.597281,정상,,없음,False,영업중,2020-04-21,5,3,0,1,1,5,3450000,2022-02-21 17:46:24
884,PHMB520193450022042500004,파파스케어(주),대구광역시,북구,대구광역시 북구 침산남로13길 36 (침산동),대구광역시 북구 침산동 1572번지,41551,35.890926,128.580341,정상,053-586-5278,유선,True,영업중,2019-09-18,5,3,0,1,1,5,3450000,2022-02-18 11:22:42
885,PHMB520223450022042500006,페스원,대구광역시,북구,"대구광역시 북구 칠곡중앙대로69길 7-1, 지하층 (태전동)",대구광역시 북구 태전동 983-2,41452,35.926591,128.546444,정상,053-255-9942,유선,True,영업중,2022-02-28,5,3,0,1,1,5,3450000,2022-03-02 16:20:27
886,PHMB520113450022042500003,푸르미종합관리,대구광역시,북구,대구광역시 북구 연암로 2 (산격동),대구광역시 북구 산격4동 1382번지 13호,41543,35.888284,128.602245,정상,053-525-4558,유선,True,영업중,2011-09-06,7,6,1,1,2,5,3450000,2020-04-19 15:07:02
887,PHMB520173450022042500001,품안에위생관리,대구광역시,북구,"대구광역시 북구 칠곡중앙대로91길 20, 2층 (관음동)",대구광역시 북구 관음동 1364번지 16호 2층,41444,35.936598,128.546707,정상,,없음,False,영업중,2017-09-05,5,3,0,1,1,5,3450000,2019-05-17 18:17:58
888,PHMB520253450022042500006,하이비엠씨(주),대구광역시,북구,"대구광역시 북구 검단로 135, 101동 2층 201-8호 (검단동)",대구광역시 북구 검단동 838-4,41513,35.909536,128.621548,정상,,없음,False,영업중,2025-07-24,5,3,0,1,2,5,3450000,2025-07-29 17:33:59
889,PHMB520173450022042500002,한국방제공사,대구광역시,북구,"대구광역시 북구 오봉로6길 19, 1층 (노원동1가)",대구광역시 북구 노원동1가 142번지 1층,41552,35.889626,128.579138,정상,053-625-8241,유선,True,영업중,2006-03-24,5,5,1,1,1,5,3450000,2024-02-19 20:12:31
890,PHMB520233450022042500004,한우리보호작업장,대구광역시,북구,대구광역시 북구 복현로34길 24 (복현동),대구광역시 북구 복현동 57-16,41522,35.903748,128.621117,정상,053-384-1408,유선,True,영업중,2023-05-17,50,22,0,15,3,20,3450000,2023-05-19 09:27:21
891,PHMB520203450022042500004,한일CL방역전문공사,대구광역시,북구,"대구광역시 북구 내곡로 38-2, 중앙프라자 4층 402호 (사수동)",대구광역시 북구 사수동 826번지,41599,35.898918,128.510352,정상,053-313-1312,유선,True,영업중,2020-02-25,10,3,0,1,2,5,3450000,2020-03-11 22:50:32
892,PHMB520213450022042500010,현대방역클린존,대구광역시,북구,"대구광역시 북구 연암로 112, 2층 (산격동)",대구광역시 북구 산격동 840-3,41540,35.894245,128.59482,정상,053-552-6112,유선,True,영업중,2021-12-14,5,3,0,1,1,5,3450000,2021-12-16 17:45:23
893,PHMB520123450022042500001,휴앤케어,대구광역시,북구,"대구광역시 북구 학남로 60, 104호 (학정동,주공7단지 상가)",대구광역시 북구 학정동 984번지 주공7단지 상가 104호,41417,35.94738,128.569274,정상,,없음,False,영업중,2013-12-30,5,5,1,1,1,5,3450000,2013-12-30 16:32:05
894,PHMB520183430019042500001,(주)비앤에스산업,대구광역시,서구,대구광역시 서구 국채보상로38길 60 (중리동),대구광역시 서구 중리동 111-14,41839,35.864425,128.553097,정상,053-255-1389,유선,True,영업중,2014-09-19,5,5,1,1,1,5,3430000,2026-03-23 11:44:55
895,PHMB520103430019042500001,(주)신우종합관리,대구광역시,서구,대구광역시 서구 와룡로72길 66 (중리동),대구광역시 서구 중리동 1099번지,41843,35.86478,128.544918,정상,053-524-8279,유선,True,영업중,2010-01-18,5,4,1,1,1,5,3430000,2020-02-10 20:56:17
896,PHMB520243430019042500001,(주)엠애드,대구광역시,서구,"대구광역시 서구 국채보상로 278, 3층 (평리동)",대구광역시 서구 평리동 1186-1,41825,35.871381,128.56146,정상,,없음,False,영업중,2024-01-11,5,3,0,2,1,5,3430000,2024-01-12 09:31:55
897,PHMB520103430019042500002,(주)잡앤잡,대구광역시,서구,"대구광역시 서구 북비산로 389-1, 3층 (비산동)",대구광역시 서구 비산동 4번지 5호 3층,41736,35.879008,128.575868,정상,053-657-8272,유선,True,영업중,2010-02-19,5,3,1,1,1,5,3430000,2018-12-21 11:40:12
898,PHMB520203430019042500010,(주)제이에스디엔씨,대구광역시,서구,"대구광역시 서구 서대구로 209, 1동 (평리동)",대구광역시 서구 평리동 617-7,41762,35.876732,128.554524,정상,053-314-7550,유선,True,영업중,2020-11-25,5,3,0,1,1,5,3430000,2020-11-26 11:17:38
899,PHMB520193430019042500005,(주)청정지대,대구광역시,서구,"대구광역시 서구 평리로35길 18-17, 8동 401호 (중리동)",대구광역시 서구 중리동 1136번지 164호 8동 401호,41843,35.861655,128.545151,정상,053-526-0366,유선,True,영업중,2002-10-18,5,5,1,2,1,5,3430000,2019-07-30 15:09:23
900,PHMB520063430019042500003,(주)태성종합관리,대구광역시,서구,대구광역시 서구  팔달로32길  8 (비산동),대구광역시 서구 비산동 1206번지 6호,41715,35.888315,128.56727,정상,053-556-8280,유선,True,영업중,2006-09-27,5,5,1,1,1,5,3430000,2018-12-21 11:01:48
901,PHMB520033430019042500002,(주)한보주택관리,대구광역시,서구,대구광역시 서구 서대구로 195 (평리동),대구광역시 서구 평리동 1491번지 3호,,35.875261,128.554453,정상,053-571-2900,유선,True,영업중,2003-12-24,5,5,1,1,2,5,3430000,2025-07-23 09:32:57
902,PHMB520193430019042500006,CNE환경,대구광역시,서구,대구광역시 서구 달서로25길 18-2 (비산동),대구광역시 서구 비산동 448번지 6호,41790,35.874102,128.569404,정상,053-557-8939,유선,True,영업중,2019-10-18,5,3,0,1,1,5,3430000,2023-01-09 14:42:00
903,PHMB520193430019042500007,ONE Q 솔루션,대구광역시,서구,"대구광역시 서구 국채보상로60길 51, 1층 (평리동)",대구광역시 서구 평리동 1112-1,41821,35.867326,128.564603,정상,,없음,False,영업중,2019-11-13,5,3,0,1,1,5,3430000,2020-11-11 09:28:20
904,PHMB520203430019042500003,그린라이프주식회사,대구광역시,서구,"대구광역시 서구 국채보상로 420-9, 1층 (비산동)",대구광역시 서구 비산동 171번지 51호 4층,41805,35.871103,128.576761,정상,,없음,False,영업중,2020-03-16,5,3,0,1,1,5,3430000,2020-09-10 11:41:13
905,PHMB520253430019042500002,그린산업,대구광역시,서구,"대구광역시 서구 달구벌대로 1917, 2층 202호 (내당동)",대구광역시 서구 내당동 1105-5,41812,35.862927,128.573959,정상,,없음,False,영업중,2024-05-28,5,3,0,1,1,5,3430000,2025-10-21 10:17:58
906,PHMB520223430019042500001,대구서구지역자활센터,대구광역시,서구,"대구광역시 서구 통학로46길 8, 1층 101호 (평리동)",대구광역시 서구 평리동 651-18,41747,35.880484,128.563769,정상,053-555-4848,유선,True,영업중,2022-01-19,5,3,0,2,1,5,3430000,2026-04-21 17:35:21
907,PHMB520233430019042500003,대영의료기,대구광역시,서구,"대구광역시 서구 국채보상로 34, 217호 (중리동)",,41755,35.868075,128.53475,정상,053-527-4082,유선,True,영업중,2023-06-05,5,3,0,1,1,5,3430000,2024-11-14 16:07:05
908,PHMB520203430019042500006,백조크린방역,대구광역시,서구,대구광역시 서구 달서로6길 10 (내당동),,41810,35.865001,128.572298,정상,,없음,False,영업중,2020-07-03,6,5,0,1,1,5,3430000,2020-07-06 11:48:15
909,PHMB520253430019042500001,블루존케어,대구광역시,서구,대구광역시 서구 가르뱅이로16길 9-1 (상리동),대구광역시 서구 상리동 40-5,41750,35.883869,128.528937,정상,,없음,False,영업중,2025-10-01,5,3,0,1,1,5,3430000,2025-10-01 17:16:57
910,PHMB520063430019042500002,삼성생활환경,대구광역시,서구,대구광역시 서구 통학로17길 16 (평리동),대구광역시 서구 평리동 1206번지 19호,,35.868072,128.561928,정상,053-359-2903,유선,True,영업중,2006-07-25,5,5,1,1,1,5,3430000,2018-12-21 11:38:34
911,PHMB520203430019042500009,세존(SEZON),대구광역시,서구,"대구광역시 서구 서대구로63안길 2, C동 2층 1호 (비산동)",대구광역시 서구 비산동 1660-1,41709,35.886674,128.556573,정상,,없음,False,영업중,2011-12-13,5,5,1,1,1,5,3430000,2025-09-17 17:19:56
912,PHMB520263430019042500001,세존(SEZON) 대구중부지사,대구광역시,서구,"대구광역시 서구 달서로16길 18, 1층 (비산동)",,41809,35.868942,128.572829,정상,,없음,False,영업중,2026-01-07,2,3,0,2,1,2,3430000,2026-01-07 16:17:31
913,PHMB520233430019042500001,세종이디아이,대구광역시,서구,"대구광역시 서구 평리로57길 15, 상가동 2호 (평리동, 동서1차아파트)",대구광역시 서구 평리동 1439-1 동서1차아파트,41840,35.864672,128.554224,정상,053-573-5888,유선,True,영업중,2023-01-27,5,4,0,1,1,5,3430000,2023-06-27 15:26:20
914,PHMB520223430019042500005,시선홀푸드,대구광역시,서구,"대구광역시 서구 서대구로54길 35, 2층 (비산동)",대구광역시 서구 비산동 861,41725,35.882353,128.559197,정상,053-527-2022,유선,True,영업중,2016-03-10,5,5,0,1,1,5,3430000,2024-07-25 11:18:32
915,PHMB520123430019042500003,에코서비스,대구광역시,서구,대구광역시 서구  달구벌대로373길  12 (내당동),대구광역시 서구 내당동 890번지 55호,41871,35.86217,128.568293,정상,053-794-9110,유선,True,영업중,2012-05-16,5,9,2,1,2,5,3430000,2020-02-09 12:26:38
916,PHMB520113430019042500001,에코유,대구광역시,서구,"대구광역시 서구 달구벌대로329길 95-27, 103호 (중리동)",대구광역시 서구 중리동 711-25,41846,35.857459,128.543506,정상,053-567-5425,유선,True,영업중,2011-05-17,5,6,1,1,1,5,3430000,2026-05-04 14:22:49
917,PHMB519853430019042500001,영남방역진흥공사,대구광역시,서구,대구광역시 서구 국채보상로52길 31 (평리동),대구광역시 서구 평리동 1208번지 1호,,35.868599,128.560497,정상,053-553-8100,유선,True,영업중,1985-01-04,5,5,1,1,1,5,3430000,2017-02-03 09:58:13
918,PHMB520133430019042500001,자연환경,대구광역시,서구,대구광역시 서구 국채보상로60길 36-1 (평리동),대구광역시 서구 평리2동 1117-35 1층,41813,35.868736,128.564149,정상,053-652-3579,유선,True,영업중,2013-08-06,5,5,1,1,1,7,3430000,2024-12-04 13:42:52
919,PHMB520153430019042500002,주식회사 맨투맨,대구광역시,서구,"대구광역시 서구 서대구로 30, 4층 (내당동)",대구광역시 서구 내당동 230번지 6호 4층,41865,35.860599,128.557194,정상,053-655-2212,유선,True,영업중,2012-09-24,5,5,1,1,1,5,3430000,2026-07-08 11:43:51
920,PHMB520143430019042500001,주식회사 하나종합관리,대구광역시,서구,"대구광역시 서구 국채보상로 170, 3층 (중리동)",대구광역시 서구 중리동 33번지 7호 3층,41833,35.869208,128.549666,정상,070-4793-5199,인터넷전화,True,영업중,2014-06-03,5,5,1,1,2,5,3430000,2025-09-26 15:00:37
921,PHMB520193430019042500001,청명 C&S,대구광역시,서구,"대구광역시 서구 북비산로61길 23-1, 1층 102호 (비산동)",대구광역시 서구 비산동 773-10,41741,35.881746,128.566842,정상,053-295-1107,유선,True,영업중,2010-09-10,5,5,1,1,1,5,3430000,2022-01-14 10:57:41
922,PHMB520103430019042500003,청정네이버,대구광역시,서구,대구광역시 서구 평리로54길 28 (내당동),대구광역시 서구 내당동 258번지 10호,41853,35.860609,128.553868,정상,070-7787-1150,인터넷전화,True,영업중,2010-03-18,5,5,1,1,1,5,3430000,2020-02-11 21:00:32
923,PHMB520203430019042500001,케어솔류션 360,대구광역시,서구,"대구광역시 서구 국채보상로50길 42, 3층 (평리동)",대구광역시 서구 평리동 1320번지 14호 4층,41830,35.867376,128.559677,정상,,없음,False,영업중,2020-03-09,10,3,0,1,1,5,3430000,2020-03-10 11:36:22
924,PHMB520193430019042500002,크린월드,대구광역시,서구,"대구광역시 서구 문화로69길 36, 1층 (비산동)",대구광역시 서구 비산동 553-11,41779,35.879198,128.570247,정상,053-651-0821,유선,True,영업중,2010-09-17,5,5,1,1,1,5,3430000,2022-01-14 10:57:31
925,PHMB520223430019042500002,클린원,대구광역시,서구,대구광역시 서구 당산로51길 53(중리동),,41846,35.858168,128.543924,정상,,없음,False,영업중,2022-04-28,5,3,0,1,1,5,3430000,2025-09-15 16:33:31
926,PHMB520193430019042500003,태경종합관리,대구광역시,서구,대구광역시 서구 평리로55길 23 (평리동),대구광역시 서구 평리동 1436번지 7호,41835,35.865842,128.553528,정상,053-201-8112,유선,True,영업중,2012-10-30,5,5,1,1,1,5,3430000,2026-04-21 17:47:17
927,PHMB520263430019042500002,투제이,대구광역시,서구,"대구광역시 서구 국채보상로34길 13, 2층 (중리동)",대구광역시 서구 중리동 48-12,41836,35.868053,128.549718,정상,,없음,False,영업중,2026-03-05,2,3,0,1,1,2,3430000,2026-03-05 18:00:36
928,PHMB520183430019042500004,해드림 종합관리,대구광역시,서구,"대구광역시 서구 북비산로 208, 2층 (평리동)",대구광역시 서구 평리동 718번지 4호,41770,35.878852,128.555833,정상,053-522-6120,유선,True,영업중,2018-07-03,5,3,0,1,1,5,3430000,2020-02-13 19:36:50
929,PHMB520203460023042500020,(주)거성지엠에스,대구광역시,수성구,"대구광역시 수성구 시지로 50-1, 거성알파빌딩 4층 (시지동)",대구광역시 수성구 시지동 489-5 거성알파빌딩,42251,35.839849,128.693936,정상,,없음,False,영업중,2003-09-30,5,5,1,1,1,5,3460000,2026-07-13 16:27:17
930,PHMB520203460023042500022,(주)고신,대구광역시,수성구,"대구광역시 수성구 희망로 229, 황금스퀘어 602호 (황금동)",대구광역시 수성구 황금동 690-13,42144,35.846798,128.616033,지오코딩_근사(도로중심),053-252-1421,유선,True,영업중,2000-02-01,5,5,1,1,1,5,3460000,2026-07-14 13:13:32
931,PHMB520083460023042500004,(주)광명실업,대구광역시,수성구,"대구광역시 수성구 범안로3길 77, 3층 (지산동)",대구광역시 수성구 지산동 1212번지 10호 (2층),42125,35.820059,128.636972,정상,053-742-8266,유선,True,영업중,2008-03-18,5,3,1,1,2,5,3460000,2026-08-20 15:13:39
932,PHMB520193460023042500001,(주)나라솔루션,대구광역시,수성구,대구광역시 수성구 상화로 122-1 (두산동),,42173,35.835089,128.620645,정상,053-768-0536,유선,True,영업중,2019-03-19,5,3,0,1,1,5,3460000,2025-11-10 17:56:15
933,PHMB520183460023042500001,(주)대명크린,대구광역시,수성구,대구광역시 수성구 신천동로98길 8 (수성동4가),대구광역시 수성구 수성동4가 1146번지 12호,42000,35.86682,128.615267,정상,,없음,False,영업중,2018-07-16,5,3,0,1,3,5,3460000,2025-11-25 17:45:11
934,PHMB520123460023042500001,(주)동영솔루션,대구광역시,수성구,대구광역시 수성구 들안로19길 58 (상동),대구광역시 수성구 상동 45번지 4호,42162,35.83724,128.615743,정상,,없음,False,영업중,2012-04-18,5,8,1,1,1,5,3460000,2026-08-21 15:13:49
935,PHMB520253460023042500007,(주)비원종합관리,대구광역시,수성구,"대구광역시 수성구 알파시티1로 83, 4층 (대흥동)",대구광역시 수성구 대흥동 903-1,42251,35.835327,128.690366,정상,,없음,False,영업중,2025-12-16,5,3,0,1,1,5,3460000,2026-08-19 16:58:20
936,PHMB520243460023042500007,(주)삼원에스컴,대구광역시,수성구,"대구광역시 수성구 무열로 95, 2층 (만촌동)",대구광역시 수성구 만촌동 978-28,42051,35.867162,128.649128,정상,053-742-9121,유선,True,영업중,2018-02-23,5,3,0,1,1,5,3460000,2025-10-30 16:13:14
937,PHMB520063460023042500006,(주)삼진보안,대구광역시,수성구,대구광역시 수성구 무열로 69-1 (만촌동),대구광역시 수성구 만촌2동 994번지 8호,42060,35.864918,128.649109,정상,,없음,False,영업중,2006-12-15,5,5,1,1,1,5,3460000,2011-11-16 17:17:08
938,PHMB520213460023042500001,(주)에코클린케어,대구광역시,수성구,"대구광역시 수성구 지산로 67, 지하1층 (지산동)",대구광역시 수성구 지산동 1268-24,42189,35.82734,128.633822,정상,053-764-2618,유선,True,영업중,2021-01-07,5,10,0,5,3,5,3460000,2025-10-17 17:57:56
939,PHMB520083460023042500001,(주)웰빙종합관리,대구광역시,수성구,대구광역시 수성구 용학로 166-1 (지산동),대구광역시 수성구 지산동 1187번지 6호,42218,35.822755,128.627254,정상,053-784-9933,유선,True,영업중,2008-01-02,5,5,1,1,1,5,3460000,2016-02-23 15:54:39
940,PHMB520243460023042500003,(주)이룸스탭스,대구광역시,수성구,"대구광역시 수성구 알파시티1로4길 8, 11층 1106호 (대흥동)",대구광역시 수성구 대흥동 871-3,42251,35.841292,128.688275,정상,053-756-8040,유선,True,영업중,2019-04-29,5,3,0,3,1,5,3460000,2025-10-30 16:45:23
941,PHMB520203460023042500003,(주)제일소방방재,대구광역시,수성구,"대구광역시 수성구 지범로46길 16-1, 1층 (범물동)",대구광역시 수성구 범물동 1380번지 11호,42242,35.816649,128.643765,정상,1644-3560,대표번호,True,영업중,2020-03-12,5,3,0,1,1,5,3460000,2023-03-07 14:47:34
942,PHMB520073460023042500002,(주)청소하는마을,대구광역시,수성구,"대구광역시 수성구 지범로31길 33-18, 1층 (지산동)",대구광역시 수성구 지산동 304번지 3호,42193,35.823709,128.640228,정상,,없음,False,영업중,2007-03-13,5,5,1,3,5,5,3460000,2025-11-24 13:52:38
943,PHMB520003460023042500001,(주)티지환경,대구광역시,수성구,대구광역시 수성구 공경로 49 (만촌동),대구광역시 수성구 만촌동 447번지 11호,42035,35.872258,128.643475,정상,,없음,False,영업중,2000-01-12,5,5,1,1,1,5,3460000,2016-08-24 11:19:42
944,PHMB520203460023042500010,(주)휴먼리더스,대구광역시,수성구,"대구광역시 수성구 동대구로77길 30, 2층 (범어동)",대구광역시 수성구 범어동 12-1,42012,35.864971,128.624885,정상,053-743-2211,유선,True,영업중,2020-05-22,5,3,0,1,1,5,3460000,2025-11-05 16:47:53
945,PHMB520143460023042500003,AK환경,대구광역시,수성구,대구광역시 수성구 달구벌대로641길 17-4 (매호동),대구광역시 수성구 매호동 1085번지 9호 매호시장형상가 B동 107호,42271,35.842363,128.707623,정상,053-755-9328,유선,True,영업중,2014-07-25,5,5,1,1,1,5,3460000,2014-07-28 14:06:21
946,PHMB520063460023042500004,SI방역,대구광역시,수성구,대구광역시 수성구 들안로48길 37 (수성동3가),대구광역시 수성구 수성동3가 236번지 2호,42138,35.85163,128.619171,정상,053-793-2855,유선,True,영업중,2006-09-06,5,5,1,1,1,5,3460000,2026-01-27 11:54:19
947,PHMB520023460023042500001,금호엔지니어링,대구광역시,수성구,대구광역시 수성구 만촌로4길 10 (만촌동),대구광역시 수성구 만촌동 999번지 1호,42061,35.861307,128.64548,정상,053-746-2044,유선,True,영업중,2002-08-29,5,5,1,1,1,5,3460000,2016-05-19 18:17:09
948,PHMB520173460023042500005,누리에프앤비,대구광역시,수성구,대구광역시 수성구 수성로29길 54-9 (중동),대구광역시 수성구 중동 605번지 6호,42156,35.839634,128.608981,정상,,없음,False,영업중,2017-06-08,5,3,0,1,1,5,3460000,2026-08-12 15:41:18
949,PHMB520263460023042500001,대구정성클린,대구광역시,수성구,대구광역시 수성구 들안로 165 (중동),대구광역시 수성구 중동 133-3,42151,35.844769,128.616419,정상,,없음,False,영업중,2026-02-11,5,5,0,3,1,5,3460000,2026-02-11 15:23:22
950,PHMB520053460023042500002,대한방역공사,대구광역시,수성구,대구광역시 수성구 지산로 67 (지산동),대구광역시 수성구 지산1동 1268번지 24호,42189,35.82734,128.633822,정상,,없음,False,영업중,2005-09-08,5,5,1,1,1,5,3460000,2026-01-27 11:54:08
951,PHMB520223460023042500006,대호,대구광역시,수성구,"대구광역시 수성구 지범로39길 94, 1층 (범물동)",대구광역시 수성구 범물동 1262-8,42191,35.823631,128.644881,정상,,없음,False,영업중,2021-05-31,5,6,0,2,2,5,3460000,2025-05-28 16:34:15
952,PHMB520153460023042500003,더홈케어,대구광역시,수성구,대구광역시 수성구 국채보상로192길 39 (범어동),대구광역시 수성구 범어동 427번지 12호,42022,35.866202,128.636372,정상,053-763-7656,유선,True,영업중,2015-12-22,5,3,0,1,2,5,3460000,2025-11-17 13:30:47
953,PHMB519993460023042500002,동우씨엠(주),대구광역시,수성구,대구광역시 수성구 국채보상로 924 (범어동),대구광역시 수성구 범어동 128번지 8호,42021,35.866895,128.631598,정상,,없음,False,영업중,1999-11-09,5,5,1,1,1,5,3460000,2025-11-11 17:21:27
954,PHMB520203460023042500013,동일 주식회사,대구광역시,수성구,"대구광역시 수성구 상화로 122-1, 1층 (두산동)",대구광역시 수성구 두산동 133-9,42173,35.835089,128.620645,정상,053-558-3600,유선,True,영업중,2017-06-19,10,7,0,2,2,10,3460000,2025-10-30 17:29:36
955,PHMB520193460023042500006,두영종합관리,대구광역시,수성구,"대구광역시 수성구 들안로13길 66, 1층 (상동)",대구광역시 수성구 상동 52번지 4호,42162,35.83698,128.615277,정상,1877-3959,대표번호,True,영업중,2019-09-11,5,3,0,1,1,5,3460000,2026-08-19 13:17:41
956,PHMB520253460023042500002,말끔클린,대구광역시,수성구,"대구광역시 수성구 고산로4안길 9-6, 1층 (신매동)",대구광역시 수성구 신매동 599-14,42287,35.832664,128.704361,정상,,없음,False,영업중,2025-02-06,2,3,0,1,8,2,3460000,2025-02-06 16:45:26
957,PHMB520193460023042500007,미래종합관리,대구광역시,수성구,"대구광역시 수성구 수성로19길 51, 1층 (상동)",대구광역시 수성구 상동 241-15,42165,35.833721,128.608662,정상,,없음,False,영업중,2019-10-23,5,3,0,1,1,5,3460000,2026-08-12 15:41:29
958,PHMB519953460023042500002,미래환경,대구광역시,수성구,대구광역시 수성구 욱수천로 15-2 (욱수동),대구광역시 수성구 욱수동 177번지,42282,35.830542,128.709768,정상,,없음,False,영업중,1995-01-27,5,5,1,1,1,5,3460000,2026-07-13 16:27:07
959,PHMB520253460023042500001,바이오드림,대구광역시,수성구,"대구광역시 수성구 만촌로4길 10, 1층 (만촌동)",대구광역시 수성구 만촌동 999-1,42061,35.861307,128.64548,정상,,없음,False,영업중,2025-01-20,5,3,0,3,1,5,3460000,2025-10-17 17:58:13
960,PHMB520243460023042500006,방역의 실력,대구광역시,수성구,대구광역시 수성구 청수로 27-35 (중동),,42154,35.841321,128.611371,정상,,없음,False,영업중,2024-07-23,5,3,0,1,1,5,3460000,2026-09-14 14:02:37
961,PHMB520253460023042500003,벌레잡는총각들 대구방역,대구광역시,수성구,"대구광역시 수성구 천을로31길 7-3, 1층 (매호동)",대구광역시 수성구 매호동 1327-6,42266,35.844551,128.707939,정상,,없음,False,영업중,2025-02-27,5,3,0,1,1,5,3460000,2026-07-21 13:40:27
962,PHMB520173460023042500002,벡스(VEX),대구광역시,수성구,"대구광역시 수성구 지범로 65 (지산동, 두원빌딩)",대구광역시 수성구 지산동 1157번지 30호,42187,35.827458,128.627487,정상,,없음,False,영업중,2017-03-02,5,3,0,1,1,5,3460000,2017-05-22 20:36:31
963,PHMB520143460023042500005,부성산업(주),대구광역시,수성구,"대구광역시 수성구 무열로29길 12, 1층 (만촌동)",대구광역시 수성구 만촌동 638번지 7호,42033,35.871968,128.64697,정상,053-721-7200,유선,True,영업중,2014-12-02,5,5,1,1,1,5,3460000,2025-11-24 13:52:49
964,PHMB520203460023042500018,새마음크린텍,대구광역시,수성구,"대구광역시 수성구 수성로 148, 2층 (상동)",,42160,35.838771,128.612456,정상,,없음,False,영업중,2020-08-28,5,3,0,1,1,5,3460000,2026-08-18 11:10:08
965,PHMB520193460023042500002,성일기업,대구광역시,수성구,대구광역시 수성구 들안로18길 14 (두산동),,42172,35.837429,128.618736,정상,,없음,False,영업중,2019-03-22,5,3,0,1,1,5,3460000,2025-12-01 13:08:50
966,PHMB520063460023042500003,세인종합관리,대구광역시,수성구,대구광역시 수성구 시지로 25-7 (시지동),대구광역시 수성구 시지동 487번지 11호,42253,35.840868,128.693541,정상,053-791-9924,유선,True,영업중,2006-06-20,5,5,1,1,1,5,3460000,2026-08-19 16:58:08
967,PHMB520243460023042500005,세존대경지사,대구광역시,수성구,"대구광역시 수성구 화랑로 102, 3층 (만촌동)",대구광역시 수성구 만촌동 1328-13,42037,35.872694,128.637885,정상,,없음,False,영업중,2024-05-21,5,5,0,3,1,5,3460000,2024-08-13 16:07:04
968,PHMB520233460023042500003,숲중증장애인다수고용사업장,대구광역시,수성구,"대구광역시 수성구 팔현길 136, 고모동 1층 (고모동)",,42260,35.870292,128.666052,정상,053-795-9777,유선,True,영업중,2023-08-09,10,3,0,2,1,5,3460000,2026-08-19 13:17:08
969,PHMB520163460023042500003,시스템 방제 서비스,대구광역시,수성구,"대구광역시 수성구 청수로 26, 4층 (중동)",대구광역시 수성구 중동 412번지 1호,42156,35.840632,128.610983,정상,053-767-4492,유선,True,영업중,2016-01-22,5,3,0,1,1,5,3460000,2016-01-26 16:45:53
970,PHMB520163460023042500001,에스존,대구광역시,수성구,"대구광역시 수성구 시지로14길 7-5, 1층 (시지동)",대구광역시 수성구 시지동 492번지 12호,42251,35.837817,128.695623,정상,053-794-5112,유선,True,영업중,2016-01-04,5,3,0,1,1,5,3460000,2016-01-05 14:36:58
971,PHMB520243460023042500002,에코씨엔씨,대구광역시,수성구,"대구광역시 수성구 지범로47길 5, 102호 (범물동)",대구광역시 수성구 범물동 1317-8,42241,35.81708,128.646254,정상,,없음,False,영업중,2024-01-18,5,3,0,1,2,5,3460000,2024-01-19 09:37:42
972,PHMB520213460023042500004,에코키즈세이프,대구광역시,수성구,"대구광역시 수성구 범안로3길 73, 2층 (지산동)",대구광역시 수성구 지산동 1213,42212,35.819944,128.63715,정상,,없음,False,영업중,2018-05-28,5,3,0,1,1,5,3460000,2021-04-15 18:42:20
973,PHMB520213460023042500009,원스톱 방역,대구광역시,수성구,"대구광역시 수성구 동대구로 386, 킹덤오피스텔 1509동 1호 (범어동)",,42020,35.865088,128.62769,정상,,없음,False,영업중,2021-11-23,5,3,0,1,1,5,3460000,2026-08-12 14:26:20
974,PHMB520123460023042500003,월드그린,대구광역시,수성구,대구광역시 수성구 세진로 46 (만촌동),대구광역시 수성구 만촌2동 1018번지 7호,42055,35.86292,128.640411,정상,,없음,False,영업중,2012-05-09,5,5,1,1,1,5,3460000,2026-01-30 11:35:03
975,PHMB520263460023042500004,유한회사 으뜸에서,대구광역시,수성구,"대구광역시 수성구 범안로16길 12, 1층 (범물동)",대구광역시 수성구 범물동 1315-14,42241,35.817697,128.646581,정상,,없음,False,영업중,2026-06-22,5,3,0,1,1,5,3460000,2026-06-22 17:46:22
976,PHMB520153460023042500002,"주, 무림기업",대구광역시,수성구,"대구광역시 수성구 수성로 316, 3층 (수성동2가)",대구광역시 수성구 수성동2가 267번지 16호,42132,35.853713,128.613797,정상,053-381-1165,유선,True,영업중,2015-10-15,6,5,0,1,1,5,3460000,2018-11-22 14:24:01
977,PHMB520003460023042500002,주식회사 대성에코홀딩스,대구광역시,수성구,"대구광역시 수성구 화랑로32길 67, 1층 (만촌동)",대구광역시 수성구 만촌동 642-22,42034,35.873054,128.644748,정상,,없음,False,영업중,2000-01-24,5,6,3,1,3,5,3460000,2025-11-18 17:42:18
978,PHMB520243460023042500010,주식회사 목성엔지니어링,대구광역시,수성구,"대구광역시 수성구 동대구로 330, 7층 (범어동)",대구광역시 수성구 범어동 177-10,42028,35.859906,128.627273,정상,053-744-5800,유선,True,영업중,2024-11-22,5,3,0,1,1,5,3460000,2024-11-22 17:57:57
979,PHMB520253460023042500004,주식회사 범안,대구광역시,수성구,"대구광역시 수성구 노변로 55, 상가2동 2층 206호 (노변동, 수성 월드메르디앙)",대구광역시 수성구 노변동 353 수성 월드메르디앙,42258,35.836704,128.699337,정상,,없음,False,영업중,2025-03-27,5,3,0,1,1,5,3460000,2025-03-28 10:33:19
980,PHMB520253460023042500006,주식회사 엔택스,대구광역시,수성구,"대구광역시 수성구 무학로35길 100, 1층 (지산동)",대구광역시 수성구 지산동 1018-1,42184,35.83446,128.627958,정상,,없음,False,영업중,2025-10-31,5,3,0,1,1,5,3460000,2025-10-31 16:02:31
981,PHMB520143460023042500002,주식회사 프로텍트,대구광역시,수성구,"대구광역시 수성구 들안로67길 26, 3층 (수성동4가)",대구광역시 수성구 수성동4가 1022번지 4호,42005,35.860965,128.616926,정상,053-751-3112,유선,True,영업중,2014-04-18,5,5,1,1,2,5,3460000,2025-12-08 10:45:26
982,PHMB520213460023042500007,주식회사 한영,대구광역시,수성구,"대구광역시 수성구 동대구로12길 75, 2층 (지산동)",대구광역시 수성구 지산동 983-4,42177,35.835572,128.628299,정상,,없음,False,영업중,2021-08-12,5,3,0,1,1,5,3460000,2021-08-12 18:14:23
983,PHMB520023460023042500002,지이에스(GES),대구광역시,수성구,대구광역시 수성구 상화로4길 30 (상동),대구광역시 수성구 상동 235번지 1호 (2층),42165,35.833334,128.60947,정상,053-766-1161,유선,True,영업중,2002-12-21,5,5,1,1,1,5,3460000,2026-08-19 13:17:21
984,PHMB520253460023042500005,청소시 방역구,대구광역시,수성구,"대구광역시 수성구 수성로56길 35-4, 1층 (수성동2가)",대구광역시 수성구 수성동2가 116,42133,35.851283,128.615567,정상,,없음,False,영업중,2025-10-31,2,3,0,1,1,2,3460000,2026-07-16 13:23:42
985,PHMB520213460023042500003,청춘클린,대구광역시,수성구,"대구광역시 수성구 범안로 21-1, 1층 (범물동)",대구광역시 수성구 범물동 1352-6,42211,35.817805,128.63948,정상,,없음,False,영업중,2021-01-18,5,3,0,1,1,5,3460000,2025-10-28 13:35:17
986,PHMB520203460023042500023,케어솔루션,대구광역시,수성구,"대구광역시 수성구 국채보상로209길 53, 1층 (만촌동)",대구광역시 수성구 만촌동 666-1,42044,35.869326,128.643353,정상,,없음,False,영업중,2020-12-28,10,3,0,5,1,5,3460000,2023-04-12 11:40:32
987,PHMB520243460023042500008,케어플러스,대구광역시,수성구,"대구광역시 수성구 수성로 367-2, 4층 (수성동1가)",,42122,35.858688,128.61365,정상,,없음,False,영업중,2024-08-30,5,3,0,1,1,5,3460000,2025-12-10 08:57:50
988,PHMB520263460023042500003,페스트콤 대구지사 방역소독 개미쥐바퀴벌레퇴치 의무소독,대구광역시,수성구,"대구광역시 수성구 범어로34길 10, 1층 101호 (범어동)",대구광역시 수성구 범어동 431-7,42022,35.8658,128.635238,정상,,없음,False,영업중,2026-04-23,5,3,0,1,1,5,3460000,2026-06-24 16:35:33
989,PHMB520223460023042500005,푸레자(PUREZA),대구광역시,수성구,대구광역시 수성구 들안로81길 37(수성동4가),대구광역시 수성구 수성동4가 1126-3,42001,35.86595,128.61623,정상,,없음,False,영업중,2022-05-10,5,3,0,1,1,5,3460000,2022-05-10 10:55:47
990,PHMB519903460023042500001,푸른방역공사,대구광역시,수성구,대구광역시 수성구 청호로 240 (황금동),대구광역시 수성구 황금동 249번지 5호,42181,35.839053,128.640351,정상,,없음,False,영업중,1990-02-23,5,5,1,2,1,5,3460000,2019-02-08 17:51:19
991,PHMB520123460023042500008,하나씨앤에스 주식회사,대구광역시,수성구,"대구광역시 수성구 상화로 36, 2층 (상동)",대구광역시 수성구 상동 262번지,42165,35.834643,128.611037,정상,053-958-5670,유선,True,영업중,2012-11-14,5,20,1,1,5,5,3460000,2018-12-12 14:40:08
992,PHMB520203460023042500021,혜성보호작업장,대구광역시,수성구,"대구광역시 수성구 청수로45길 41 (황금동, 황금3주공아파트)",,42112,35.843468,128.631846,정상,053-761-0812,유선,True,영업중,2020-12-11,5,3,0,1,1,5,3460000,2020-12-11 16:34:19
993,PHMB520203460023042500008,홈앤하우스,대구광역시,수성구,"대구광역시 수성구 교학로7길 7, 1층 (만촌동)",,42070,35.852049,128.652572,정상,,없음,False,영업중,2020-04-29,10,3,0,2,1,5,3460000,2020-05-01 09:17:40
994,PHMB520223460023042500003,화담주식회사,대구광역시,수성구,대구광역시 수성구 달구벌대로627길 22-19(매호동),,42268,35.843224,128.702679,정상,,없음,False,영업중,2022-03-16,5,3,0,1,1,5,3460000,2026-03-05 10:49:12
995,PHMB520163410023042500005,(주)대성공사,대구광역시,중구,"대구광역시 중구 경상감영길 54 (서문로1가, 쌍용화재)",대구광역시 중구 서문로1가 81번지,41919,35.871245,128.590308,정상,053-424-1926,유선,True,영업중,2016-11-09,5,3,0,1,1,5,3410000,2025-04-03 11:52:21
996,PHMB520053410023042500001,(주)삼일이엔에스,대구광역시,중구,"대구광역시 중구 태평로 17, 부광빌딩 206호 (달성동)",대구광역시 중구 달성동 121-4 부광빌딩 206호,41900,35.878128,128.580078,정상,053-527-8885,유선,True,영업중,2005-03-04,5,5,1,1,1,5,3410000,2023-03-12 15:29:36
997,PHMB520203410023042500005,(주)유칼릭스 대구지점,대구광역시,중구,"대구광역시 중구 달구벌대로 2034, 401호 (남산동)",대구광역시 중구 남산동 175-1,41964,35.865325,128.58628,정상,053-257-6866,유선,True,영업중,2020-07-22,5,3,0,2,1,5,3410000,2020-07-23 09:09:57
998,PHMB520183410023042500001,(주)티에스글로벌,대구광역시,중구,대구광역시 중구 남산로8길 51 (남산동),대구광역시 중구 남산동 216번지 45호,41969,35.859405,128.588208,정상,053-964-6667,유선,True,영업중,2018-10-31,5,3,0,1,1,5,3410000,2024-09-05 09:06:15
999,PHMB520223410023042500002,남문올래협동조합,대구광역시,중구,"대구광역시 중구 중앙대로 289-36, 남산동커뮤니티센터 (남산동)",대구광역시 중구 남산동 600-35,41968,35.859796,128.589747,정상,053-428-8788,유선,True,영업중,2022-06-10,5,3,0,1,1,5,3410000,2022-06-14 11:56:18
1000,PHMB520193410023042500006,대구광역시지체장애인협회 장애인일자리사업소,대구광역시,중구,"대구광역시 중구 봉산문화1길 31, 2층 201호 (봉산동)",대구광역시 중구 봉산동 172-10,41959,35.863424,128.598877,정상,053-954-0170,유선,True,영업중,2019-09-04,5,5,0,2,1,5,3410000,2026-04-30 13:04:55
1001,PHMB520203410023042500006,대구방역,대구광역시,중구,"대구광역시 중구 국채보상로 726, 강남빌딩 2층 281호 (동인동4가)",대구광역시 중구 동인동4가 386-7 강남빌딩 2층 281호,41946,35.868441,128.60983,정상,1833-5821,대표번호,True,영업중,2020-09-22,5,3,0,1,1,5,3410000,2023-08-31 09:15:05
1002,PHMB519993410023042500001,덕우환경,대구광역시,중구,"대구광역시 중구 명륜로 97-10, 3층 (남산동)",대구광역시 중구 남산동 687-26,41961,35.860685,128.595701,정상,053-423-0337,유선,True,영업중,1999-09-08,10,10,1,3,1,5,3410000,2021-01-28 21:17:18
1003,PHMB520193410023042500003,벌레박사 페스트119,대구광역시,중구,대구광역시 중구 재마루1길 12 (남산동),,41965,35.864567,128.58727,정상,053-425-0176,유선,True,영업중,2019-06-11,5,3,0,1,1,5,3410000,2019-11-01 15:47:53
1004,PHMB520173410023042500002,숙박방역,대구광역시,중구,대구광역시 중구 경상감영1길 62 (북성로1가),,41918,35.873736,128.592912,정상,053-255-1600,유선,True,영업중,2017-04-06,8,3,0,1,1,5,3410000,2018-11-23 09:44:15
1005,PHMB519993410023042500002,신라방역공사,대구광역시,중구,대구광역시 중구 북성로4길 34 (인교동),대구광역시 중구 인교동 172번지,41921,35.872441,128.584561,정상,053-252-6855,유선,True,영업중,1999-09-08,5,5,1,1,1,5,3410000,2019-11-04 11:26:02
1006,PHMB520203410023042500002,신천종합관리(주),대구광역시,중구,"대구광역시 중구 동덕로 115, 진석타워 15층 1503호 (삼덕동2가)",대구광역시 중구 삼덕동2가 210번지 1호 진석타워,41940,35.865144,128.602711,정상,053-429-6199,유선,True,영업중,2020-03-30,5,3,0,1,1,5,3410000,2020-05-08 10:55:19
1007,PHMB520253410023042500002,쏘케어,대구광역시,중구,"대구광역시 중구 남산로17길 139, B1층 (남산동)",,41976,35.859717,128.57688,정상,,없음,False,영업중,2025-05-15,2,3,0,1,1,2,3410000,2025-06-28 19:35:41
1008,PHMB520253410023042500001,애플드론교육원,대구광역시,중구,"대구광역시 중구 태평로 264, 현대빌딩 (동인동1가)",대구광역시 중구 동인동1가 373-1 현대빌딩,41905,35.872414,128.606052,정상,,없음,False,영업중,2025-02-12,5,3,0,1,2,5,3410000,2025-02-20 09:39:51
1009,PHMB520263410023042500001,에코삼성 청소업체,대구광역시,중구,대구광역시 중구 달구벌대로 1991-43 (대신동),,41927,35.866927,128.579305,지오코딩_근사(행정구역중심),,없음,False,영업중,2026-05-11,5,3,0,1,1,5,3410000,2026-05-11 15:22:29
1010,PHMB520253410023042500003,에코쉴드,대구광역시,중구,대구광역시 중구 동덕로30길 139-16 (동인동4가),대구광역시 중구 동인동4가 540-1,41947,35.866111,128.611907,정상,,없음,False,영업중,2025-06-19,2,3,0,1,1,2,3410000,2025-06-30 08:40:59
1011,PHMB520223410023042500001,에코환경,대구광역시,중구,"대구광역시 중구 태평로 17, 부광빌딩 204호 (달성동)",,41900,35.878128,128.580078,정상,,없음,False,영업중,2022-05-13,5,3,0,3,2,5,3410000,2022-05-13 17:03:58
1012,PHMB520213410023042500004,온라이프 생활방역,대구광역시,중구,"대구광역시 중구 중앙대로66길 13-2, 201호 (남산동)",대구광역시 중구 남산동 677-64,41957,35.862066,128.594019,정상,053-256-8088,유선,True,영업중,2021-06-11,6,3,0,1,1,5,3410000,2022-05-19 10:13:21
1013,PHMB520213410023042500002,주식회사 대경티엠에스,대구광역시,중구,"대구광역시 중구 서성로 20, 대구매일신문사,대구은행계산동지점 (계산동2가)","대구광역시 중구 계산동2가 50 대구매일신문사,대구은행계산동지점",41933,35.868337,128.587512,정상,053-253-2546,유선,True,영업중,2021-04-16,5,3,0,1,1,5,3410000,2021-08-10 14:20:19
1014,PHMB520263410023042500002,주식회사 피플업,대구광역시,중구,"대구광역시 중구 중앙대로 398, 현대빌딩 9층 (남일동)",대구광역시 중구 남일동 110-1 현대빌딩,41937,35.868535,128.593965,정상,053-286-1080,유선,True,영업중,2020-06-08,5,10,3,1,4,5,3410000,2026-06-05 17:22:01
1015,PHMB520113410023042500005,지에스종합관리,대구광역시,중구,"대구광역시 중구 달성공원로8길 10, 달성빌딩 3층 312호 (대신동)",대구광역시 중구 대신동 5번지 2호 달성빌딩,41925,35.873271,128.580913,정상,,없음,False,영업중,2011-10-04,5,5,1,1,1,5,3410000,2019-11-01 16:28:36
1016,PHMB520163410023042500003,페스콤방역,대구광역시,중구,"대구광역시 중구 서성로20길 7, 2층 (수창동)",대구광역시 중구 수창동 25번지 1호,41916,35.875159,128.588248,정상,053-428-1119,유선,True,영업중,2016-08-12,5,3,0,1,1,5,3410000,2019-11-21 16:39:17
1017,PHMB519993410023042500004,한국종합관리(주),대구광역시,중구,대구광역시 중구 대봉로 228-17 (대봉동),대구광역시 중구 대봉동 44번지 69호,,35.859404,128.6018,정상,053-427-9898,유선,True,영업중,1999-11-01,5,3,1,1,1,5,3410000,2026-06-02 15:56:21
1018,PHMB520193410023042500005,현대방역공사,대구광역시,중구,"대구광역시 중구 국채보상로143길 69, 4층 (동인동3가)",대구광역시 중구 동인동3가 271번지 30호,41905,35.872012,128.608411,정상,,없음,False,영업중,1987-03-02,5,3,1,2,1,5,3410000,2019-11-01 15:46:25
1019,PHMB520203410023042500003,현대티엠에스(주),대구광역시,중구,"대구광역시 중구 서성로 20, 대구매일신문사 9층 905호 (계산동2가)",대구광역시 중구 계산동2가 50번지 대구매일신문사 905호,41933,35.868337,128.587512,정상,053-559-6661,유선,True,영업중,2020-04-20,5,3,0,1,1,5,3410000,2022-04-25 14:26:18
